--------------------------------------------------------
--  File created - Monday-May-30-2016   
--------------------------------------------------------
--------------------------------------------------------
--  DDL for Sequence SQ_CookStat
--------------------------------------------------------

   CREATE SEQUENCE  "LONNIE"."SQ_CookStat"  MINVALUE 1 MAXVALUE 9999999999999999999999999999 INCREMENT BY 1 START WITH 21 CACHE 20 NOORDER  NOCYCLE ;
--------------------------------------------------------
--  DDL for Sequence SQ_CookingStation
--------------------------------------------------------

   CREATE SEQUENCE  "LONNIE"."SQ_CookingStation"  MINVALUE 1 MAXVALUE 9999999999999999999999999999 INCREMENT BY 1 START WITH 1 CACHE 20 NOORDER  NOCYCLE ;
--------------------------------------------------------
--  DDL for Sequence SQ_Custs
--------------------------------------------------------

   CREATE SEQUENCE  "LONNIE"."SQ_Custs"  MINVALUE 1 MAXVALUE 9999999999999999999999999999 INCREMENT BY 1 START WITH 21 CACHE 20 NOORDER  NOCYCLE ;
--------------------------------------------------------
--  DDL for Sequence SQ_DTbl
--------------------------------------------------------

   CREATE SEQUENCE  "LONNIE"."SQ_DTbl"  MINVALUE 1 MAXVALUE 9999999999999999999999999999 INCREMENT BY 1 START WITH 1 CACHE 20 NOORDER  NOCYCLE ;
--------------------------------------------------------
--  DDL for Sequence SQ_Emps
--------------------------------------------------------

   CREATE SEQUENCE  "LONNIE"."SQ_Emps"  MINVALUE 1 MAXVALUE 9999999999999999999999999999 INCREMENT BY 1 START WITH 21 CACHE 20 NOORDER  NOCYCLE ;
--------------------------------------------------------
--  DDL for Sequence SQ_Heights
--------------------------------------------------------

   CREATE SEQUENCE  "LONNIE"."SQ_Heights"  MINVALUE 1 MAXVALUE 9999999999999999999999999999 INCREMENT BY 1 START WITH 21 CACHE 20 NOORDER  NOCYCLE ;
--------------------------------------------------------
--  DDL for Sequence SQ_Ingred
--------------------------------------------------------

   CREATE SEQUENCE  "LONNIE"."SQ_Ingred"  MINVALUE 1 MAXVALUE 9999999999999999999999999999 INCREMENT BY 1 START WITH 21 CACHE 20 NOORDER  NOCYCLE ;
--------------------------------------------------------
--  DDL for Sequence SQ_IngredMaxes
--------------------------------------------------------

   CREATE SEQUENCE  "LONNIE"."SQ_IngredMaxes"  MINVALUE 1 MAXVALUE 9999999999999999999999999999 INCREMENT BY 1 START WITH 21 CACHE 20 NOORDER  NOCYCLE ;
--------------------------------------------------------
--  DDL for Sequence SQ_IngredPars
--------------------------------------------------------

   CREATE SEQUENCE  "LONNIE"."SQ_IngredPars"  MINVALUE 1 MAXVALUE 9999999999999999999999999999 INCREMENT BY 1 START WITH 21 CACHE 20 NOORDER  NOCYCLE ;
--------------------------------------------------------
--  DDL for Sequence SQ_JobTitles
--------------------------------------------------------

   CREATE SEQUENCE  "LONNIE"."SQ_JobTitles"  MINVALUE 1 MAXVALUE 9999999999999999999999999999 INCREMENT BY 1 START WITH 21 CACHE 20 NOORDER  NOCYCLE ;
--------------------------------------------------------
--  DDL for Sequence SQ_KitTool
--------------------------------------------------------

   CREATE SEQUENCE  "LONNIE"."SQ_KitTool"  MINVALUE 1 MAXVALUE 9999999999999999999999999999 INCREMENT BY 1 START WITH 21 CACHE 20 NOORDER  NOCYCLE ;
--------------------------------------------------------
--  DDL for Sequence SQ_MenuItems
--------------------------------------------------------

   CREATE SEQUENCE  "LONNIE"."SQ_MenuItems"  MINVALUE 1 MAXVALUE 9999999999999999999999999999 INCREMENT BY 1 START WITH 21 CACHE 20 NOORDER  NOCYCLE ;
--------------------------------------------------------
--  DDL for Sequence SQ_MenuSpecs
--------------------------------------------------------

   CREATE SEQUENCE  "LONNIE"."SQ_MenuSpecs"  MINVALUE 1 MAXVALUE 9999999999999999999999999999 INCREMENT BY 1 START WITH 1 CACHE 20 NOORDER  NOCYCLE ;
--------------------------------------------------------
--  DDL for Sequence SQ_Quantities
--------------------------------------------------------

   CREATE SEQUENCE  "LONNIE"."SQ_Quantities"  MINVALUE 1 MAXVALUE 9999999999999999999999999999 INCREMENT BY 1 START WITH 1 CACHE 20 NOORDER  NOCYCLE ;
--------------------------------------------------------
--  DDL for Sequence SQ_Recipe
--------------------------------------------------------

   CREATE SEQUENCE  "LONNIE"."SQ_Recipe"  MINVALUE 1 MAXVALUE 9999999999999999999999999999 INCREMENT BY 1 START WITH 21 CACHE 20 NOORDER  NOCYCLE ;
--------------------------------------------------------
--  DDL for Sequence SQ_Refrigs
--------------------------------------------------------

   CREATE SEQUENCE  "LONNIE"."SQ_Refrigs"  MINVALUE 1 MAXVALUE 9999999999999999999999999999 INCREMENT BY 1 START WITH 21 CACHE 20 NOORDER  NOCYCLE ;
--------------------------------------------------------
--  DDL for Sequence SQ_TblCustChair
--------------------------------------------------------

   CREATE SEQUENCE  "LONNIE"."SQ_TblCustChair"  MINVALUE 1 MAXVALUE 9999999999999999999999999999 INCREMENT BY 1 START WITH 1 CACHE 20 NOORDER  NOCYCLE ;
--------------------------------------------------------
--  DDL for Sequence SQ_Tickets
--------------------------------------------------------

   CREATE SEQUENCE  "LONNIE"."SQ_Tickets"  MINVALUE 1 MAXVALUE 9999999999999999999999999999 INCREMENT BY 1 START WITH 1 CACHE 20 NOORDER  NOCYCLE ;
--------------------------------------------------------
--  DDL for Sequence SQ_WorkArea
--------------------------------------------------------

   CREATE SEQUENCE  "LONNIE"."SQ_WorkArea"  MINVALUE 1 MAXVALUE 9999999999999999999999999999 INCREMENT BY 1 START WITH 21 CACHE 20 NOORDER  NOCYCLE ;
--------------------------------------------------------
--  DDL for Table CookStat
--------------------------------------------------------

  CREATE TABLE "LONNIE"."CookStat" 
   (	"CookStatID" NUMBER(10,0), 
	"CookStatName" NCLOB, 
	"RefrigID" NUMBER(10,0), 
	"WorkAreaID" NUMBER(10,0)
   ) SEGMENT CREATION IMMEDIATE 
  PCTFREE 10 PCTUSED 40 INITRANS 1 MAXTRANS 255 NOCOMPRESS LOGGING
  STORAGE(INITIAL 65536 NEXT 1048576 MINEXTENTS 1 MAXEXTENTS 2147483645
  PCTINCREASE 0 FREELISTS 1 FREELIST GROUPS 1 BUFFER_POOL DEFAULT FLASH_CACHE DEFAULT CELL_FLASH_CACHE DEFAULT)
  TABLESPACE "SYSTEM" 
 LOB ("CookStatName") STORE AS BASICFILE (
  TABLESPACE "SYSTEM" ENABLE STORAGE IN ROW CHUNK 8192 RETENTION 
  NOCACHE LOGGING 
  STORAGE(INITIAL 65536 NEXT 1048576 MINEXTENTS 1 MAXEXTENTS 2147483645
  PCTINCREASE 0 FREELISTS 1 FREELIST GROUPS 1 BUFFER_POOL DEFAULT FLASH_CACHE DEFAULT CELL_FLASH_CACHE DEFAULT)) ;
--------------------------------------------------------
--  DDL for Table CookStatKitTools
--------------------------------------------------------

  CREATE TABLE "LONNIE"."CookStatKitTools" 
   (	"CookStatID" NUMBER(10,0), 
	"KitToolID" NUMBER(10,0)
   ) SEGMENT CREATION IMMEDIATE 
  PCTFREE 10 PCTUSED 40 INITRANS 1 MAXTRANS 255 NOCOMPRESS LOGGING
  STORAGE(INITIAL 65536 NEXT 1048576 MINEXTENTS 1 MAXEXTENTS 2147483645
  PCTINCREASE 0 FREELISTS 1 FREELIST GROUPS 1 BUFFER_POOL DEFAULT FLASH_CACHE DEFAULT CELL_FLASH_CACHE DEFAULT)
  TABLESPACE "SYSTEM" ;
--------------------------------------------------------
--  DDL for Table CookStatTools
--------------------------------------------------------

  CREATE TABLE "LONNIE"."CookStatTools" 
   (	"CookStatToolID" NUMBER(10,0), 
	"CookStat_CookStatID" NUMBER(10,0)
   ) SEGMENT CREATION IMMEDIATE 
  PCTFREE 10 PCTUSED 40 INITRANS 1 MAXTRANS 255 NOCOMPRESS LOGGING
  STORAGE(INITIAL 65536 NEXT 1048576 MINEXTENTS 1 MAXEXTENTS 2147483645
  PCTINCREASE 0 FREELISTS 1 FREELIST GROUPS 1 BUFFER_POOL DEFAULT FLASH_CACHE DEFAULT CELL_FLASH_CACHE DEFAULT)
  TABLESPACE "SYSTEM" ;
--------------------------------------------------------
--  DDL for Table CookingStation
--------------------------------------------------------

  CREATE TABLE "LONNIE"."CookingStation" 
   (	"CookingStationID" NUMBER(10,0), 
	"CookingStationName" NCLOB, 
	"RefrigeratorID" NUMBER(10,0), 
	"WorkAreaID" NUMBER(10,0)
   ) SEGMENT CREATION IMMEDIATE 
  PCTFREE 10 PCTUSED 40 INITRANS 1 MAXTRANS 255 NOCOMPRESS LOGGING
  STORAGE(INITIAL 65536 NEXT 1048576 MINEXTENTS 1 MAXEXTENTS 2147483645
  PCTINCREASE 0 FREELISTS 1 FREELIST GROUPS 1 BUFFER_POOL DEFAULT FLASH_CACHE DEFAULT CELL_FLASH_CACHE DEFAULT)
  TABLESPACE "SYSTEM" 
 LOB ("CookingStationName") STORE AS BASICFILE (
  TABLESPACE "SYSTEM" ENABLE STORAGE IN ROW CHUNK 8192 RETENTION 
  NOCACHE LOGGING 
  STORAGE(INITIAL 65536 NEXT 1048576 MINEXTENTS 1 MAXEXTENTS 2147483645
  PCTINCREASE 0 FREELISTS 1 FREELIST GROUPS 1 BUFFER_POOL DEFAULT FLASH_CACHE DEFAULT CELL_FLASH_CACHE DEFAULT)) ;
--------------------------------------------------------
--  DDL for Table CookingStationKitchenTools
--------------------------------------------------------

  CREATE TABLE "LONNIE"."CookingStationKitchenTools" 
   (	"CookingStationID" NUMBER(10,0), 
	"KitchenToolID" NUMBER(10,0)
   ) SEGMENT CREATION IMMEDIATE 
  PCTFREE 10 PCTUSED 40 INITRANS 1 MAXTRANS 255 NOCOMPRESS LOGGING
  STORAGE(INITIAL 65536 NEXT 1048576 MINEXTENTS 1 MAXEXTENTS 2147483645
  PCTINCREASE 0 FREELISTS 1 FREELIST GROUPS 1 BUFFER_POOL DEFAULT FLASH_CACHE DEFAULT CELL_FLASH_CACHE DEFAULT)
  TABLESPACE "SYSTEM" ;
--------------------------------------------------------
--  DDL for Table Custs
--------------------------------------------------------

  CREATE TABLE "LONNIE"."Custs" 
   (	"CustID" NUMBER(10,0), 
	"FirstName" NCLOB, 
	"LastName" NCLOB, 
	"NickName" NCLOB, 
	"FoodFavorites" NCLOB, 
	"DisLikes" NCLOB, 
	"FoodAllergies" NCLOB, 
	"PayingCust" NUMBER(1,0), 
	"PaymentMethod" NUMBER(10,0)
   ) SEGMENT CREATION IMMEDIATE 
  PCTFREE 10 PCTUSED 40 INITRANS 1 MAXTRANS 255 NOCOMPRESS LOGGING
  STORAGE(INITIAL 65536 NEXT 1048576 MINEXTENTS 1 MAXEXTENTS 2147483645
  PCTINCREASE 0 FREELISTS 1 FREELIST GROUPS 1 BUFFER_POOL DEFAULT FLASH_CACHE DEFAULT CELL_FLASH_CACHE DEFAULT)
  TABLESPACE "SYSTEM" 
 LOB ("FirstName") STORE AS BASICFILE (
  TABLESPACE "SYSTEM" ENABLE STORAGE IN ROW CHUNK 8192 RETENTION 
  NOCACHE LOGGING 
  STORAGE(INITIAL 65536 NEXT 1048576 MINEXTENTS 1 MAXEXTENTS 2147483645
  PCTINCREASE 0 FREELISTS 1 FREELIST GROUPS 1 BUFFER_POOL DEFAULT FLASH_CACHE DEFAULT CELL_FLASH_CACHE DEFAULT)) 
 LOB ("LastName") STORE AS BASICFILE (
  TABLESPACE "SYSTEM" ENABLE STORAGE IN ROW CHUNK 8192 RETENTION 
  NOCACHE LOGGING 
  STORAGE(INITIAL 65536 NEXT 1048576 MINEXTENTS 1 MAXEXTENTS 2147483645
  PCTINCREASE 0 FREELISTS 1 FREELIST GROUPS 1 BUFFER_POOL DEFAULT FLASH_CACHE DEFAULT CELL_FLASH_CACHE DEFAULT)) 
 LOB ("NickName") STORE AS BASICFILE (
  TABLESPACE "SYSTEM" ENABLE STORAGE IN ROW CHUNK 8192 RETENTION 
  NOCACHE LOGGING 
  STORAGE(INITIAL 65536 NEXT 1048576 MINEXTENTS 1 MAXEXTENTS 2147483645
  PCTINCREASE 0 FREELISTS 1 FREELIST GROUPS 1 BUFFER_POOL DEFAULT FLASH_CACHE DEFAULT CELL_FLASH_CACHE DEFAULT)) 
 LOB ("FoodFavorites") STORE AS BASICFILE (
  TABLESPACE "SYSTEM" ENABLE STORAGE IN ROW CHUNK 8192 RETENTION 
  NOCACHE LOGGING 
  STORAGE(INITIAL 65536 NEXT 1048576 MINEXTENTS 1 MAXEXTENTS 2147483645
  PCTINCREASE 0 FREELISTS 1 FREELIST GROUPS 1 BUFFER_POOL DEFAULT FLASH_CACHE DEFAULT CELL_FLASH_CACHE DEFAULT)) 
 LOB ("DisLikes") STORE AS BASICFILE (
  TABLESPACE "SYSTEM" ENABLE STORAGE IN ROW CHUNK 8192 RETENTION 
  NOCACHE LOGGING 
  STORAGE(INITIAL 65536 NEXT 1048576 MINEXTENTS 1 MAXEXTENTS 2147483645
  PCTINCREASE 0 FREELISTS 1 FREELIST GROUPS 1 BUFFER_POOL DEFAULT FLASH_CACHE DEFAULT CELL_FLASH_CACHE DEFAULT)) 
 LOB ("FoodAllergies") STORE AS BASICFILE (
  TABLESPACE "SYSTEM" ENABLE STORAGE IN ROW CHUNK 8192 RETENTION 
  NOCACHE LOGGING 
  STORAGE(INITIAL 65536 NEXT 1048576 MINEXTENTS 1 MAXEXTENTS 2147483645
  PCTINCREASE 0 FREELISTS 1 FREELIST GROUPS 1 BUFFER_POOL DEFAULT FLASH_CACHE DEFAULT CELL_FLASH_CACHE DEFAULT)) ;
--------------------------------------------------------
--  DDL for Table DTbl
--------------------------------------------------------

  CREATE TABLE "LONNIE"."DTbl" 
   (	"DTblID" NUMBER(10,0), 
	"ChairCount" NUMBER(10,0), 
	"FloorLocation" NCLOB, 
	"TicketID" NUMBER(10,0)
   ) SEGMENT CREATION IMMEDIATE 
  PCTFREE 10 PCTUSED 40 INITRANS 1 MAXTRANS 255 NOCOMPRESS LOGGING
  STORAGE(INITIAL 65536 NEXT 1048576 MINEXTENTS 1 MAXEXTENTS 2147483645
  PCTINCREASE 0 FREELISTS 1 FREELIST GROUPS 1 BUFFER_POOL DEFAULT FLASH_CACHE DEFAULT CELL_FLASH_CACHE DEFAULT)
  TABLESPACE "SYSTEM" 
 LOB ("FloorLocation") STORE AS BASICFILE (
  TABLESPACE "SYSTEM" ENABLE STORAGE IN ROW CHUNK 8192 RETENTION 
  NOCACHE LOGGING 
  STORAGE(INITIAL 65536 NEXT 1048576 MINEXTENTS 1 MAXEXTENTS 2147483645
  PCTINCREASE 0 FREELISTS 1 FREELIST GROUPS 1 BUFFER_POOL DEFAULT FLASH_CACHE DEFAULT CELL_FLASH_CACHE DEFAULT)) ;
--------------------------------------------------------
--  DDL for Table Emps
--------------------------------------------------------

  CREATE TABLE "LONNIE"."Emps" 
   (	"EmpID" NUMBER(10,0), 
	"FirstName" NCLOB, 
	"LastName" NCLOB, 
	"NickName" NCLOB, 
	"Gender" NCLOB, 
	"HeightID" NUMBER(10,0), 
	"Weight" BINARY_DOUBLE, 
	"JobTitleID" NUMBER(10,0)
   ) SEGMENT CREATION IMMEDIATE 
  PCTFREE 10 PCTUSED 40 INITRANS 1 MAXTRANS 255 NOCOMPRESS LOGGING
  STORAGE(INITIAL 65536 NEXT 1048576 MINEXTENTS 1 MAXEXTENTS 2147483645
  PCTINCREASE 0 FREELISTS 1 FREELIST GROUPS 1 BUFFER_POOL DEFAULT FLASH_CACHE DEFAULT CELL_FLASH_CACHE DEFAULT)
  TABLESPACE "SYSTEM" 
 LOB ("FirstName") STORE AS BASICFILE (
  TABLESPACE "SYSTEM" ENABLE STORAGE IN ROW CHUNK 8192 RETENTION 
  NOCACHE LOGGING 
  STORAGE(INITIAL 65536 NEXT 1048576 MINEXTENTS 1 MAXEXTENTS 2147483645
  PCTINCREASE 0 FREELISTS 1 FREELIST GROUPS 1 BUFFER_POOL DEFAULT FLASH_CACHE DEFAULT CELL_FLASH_CACHE DEFAULT)) 
 LOB ("LastName") STORE AS BASICFILE (
  TABLESPACE "SYSTEM" ENABLE STORAGE IN ROW CHUNK 8192 RETENTION 
  NOCACHE LOGGING 
  STORAGE(INITIAL 65536 NEXT 1048576 MINEXTENTS 1 MAXEXTENTS 2147483645
  PCTINCREASE 0 FREELISTS 1 FREELIST GROUPS 1 BUFFER_POOL DEFAULT FLASH_CACHE DEFAULT CELL_FLASH_CACHE DEFAULT)) 
 LOB ("NickName") STORE AS BASICFILE (
  TABLESPACE "SYSTEM" ENABLE STORAGE IN ROW CHUNK 8192 RETENTION 
  NOCACHE LOGGING 
  STORAGE(INITIAL 65536 NEXT 1048576 MINEXTENTS 1 MAXEXTENTS 2147483645
  PCTINCREASE 0 FREELISTS 1 FREELIST GROUPS 1 BUFFER_POOL DEFAULT FLASH_CACHE DEFAULT CELL_FLASH_CACHE DEFAULT)) 
 LOB ("Gender") STORE AS BASICFILE (
  TABLESPACE "SYSTEM" ENABLE STORAGE IN ROW CHUNK 8192 RETENTION 
  NOCACHE LOGGING 
  STORAGE(INITIAL 65536 NEXT 1048576 MINEXTENTS 1 MAXEXTENTS 2147483645
  PCTINCREASE 0 FREELISTS 1 FREELIST GROUPS 1 BUFFER_POOL DEFAULT FLASH_CACHE DEFAULT CELL_FLASH_CACHE DEFAULT)) ;
--------------------------------------------------------
--  DDL for Table Heights
--------------------------------------------------------

  CREATE TABLE "LONNIE"."Heights" 
   (	"HeightID" NUMBER(10,0), 
	"feet" NUMBER(10,0), 
	"inches" BINARY_DOUBLE
   ) SEGMENT CREATION IMMEDIATE 
  PCTFREE 10 PCTUSED 40 INITRANS 1 MAXTRANS 255 NOCOMPRESS LOGGING
  STORAGE(INITIAL 65536 NEXT 1048576 MINEXTENTS 1 MAXEXTENTS 2147483645
  PCTINCREASE 0 FREELISTS 1 FREELIST GROUPS 1 BUFFER_POOL DEFAULT FLASH_CACHE DEFAULT CELL_FLASH_CACHE DEFAULT)
  TABLESPACE "SYSTEM" ;
--------------------------------------------------------
--  DDL for Table Ingred
--------------------------------------------------------

  CREATE TABLE "LONNIE"."Ingred" 
   (	"IngredID" NUMBER(10,0), 
	"IngredName" NCLOB, 
	"FoodItem" NCLOB, 
	"QuantityID" NUMBER(10,0), 
	"Amount" BINARY_DOUBLE, 
	"Derivative" NUMBER(10,0), 
	"Weight" NUMBER(10,0), 
	"Specification" NCLOB, 
	"MenuItem_MenuItemID" NUMBER(10,0), 
	"Recipe_RecipeID" NUMBER(10,0)
   ) SEGMENT CREATION IMMEDIATE 
  PCTFREE 10 PCTUSED 40 INITRANS 1 MAXTRANS 255 NOCOMPRESS LOGGING
  STORAGE(INITIAL 65536 NEXT 1048576 MINEXTENTS 1 MAXEXTENTS 2147483645
  PCTINCREASE 0 FREELISTS 1 FREELIST GROUPS 1 BUFFER_POOL DEFAULT FLASH_CACHE DEFAULT CELL_FLASH_CACHE DEFAULT)
  TABLESPACE "SYSTEM" 
 LOB ("IngredName") STORE AS BASICFILE (
  TABLESPACE "SYSTEM" ENABLE STORAGE IN ROW CHUNK 8192 RETENTION 
  NOCACHE LOGGING 
  STORAGE(INITIAL 65536 NEXT 1048576 MINEXTENTS 1 MAXEXTENTS 2147483645
  PCTINCREASE 0 FREELISTS 1 FREELIST GROUPS 1 BUFFER_POOL DEFAULT FLASH_CACHE DEFAULT CELL_FLASH_CACHE DEFAULT)) 
 LOB ("FoodItem") STORE AS BASICFILE (
  TABLESPACE "SYSTEM" ENABLE STORAGE IN ROW CHUNK 8192 RETENTION 
  NOCACHE LOGGING 
  STORAGE(INITIAL 65536 NEXT 1048576 MINEXTENTS 1 MAXEXTENTS 2147483645
  PCTINCREASE 0 FREELISTS 1 FREELIST GROUPS 1 BUFFER_POOL DEFAULT FLASH_CACHE DEFAULT CELL_FLASH_CACHE DEFAULT)) 
 LOB ("Specification") STORE AS BASICFILE (
  TABLESPACE "SYSTEM" ENABLE STORAGE IN ROW CHUNK 8192 RETENTION 
  NOCACHE LOGGING 
  STORAGE(INITIAL 65536 NEXT 1048576 MINEXTENTS 1 MAXEXTENTS 2147483645
  PCTINCREASE 0 FREELISTS 1 FREELIST GROUPS 1 BUFFER_POOL DEFAULT FLASH_CACHE DEFAULT CELL_FLASH_CACHE DEFAULT)) ;
--------------------------------------------------------
--  DDL for Table IngredMaxes
--------------------------------------------------------

  CREATE TABLE "LONNIE"."IngredMaxes" 
   (	"IngredMaxID" NUMBER(10,0), 
	"Amount" BINARY_DOUBLE, 
	"Derivative" NUMBER(10,0), 
	"Weight" NUMBER(10,0)
   ) SEGMENT CREATION IMMEDIATE 
  PCTFREE 10 PCTUSED 40 INITRANS 1 MAXTRANS 255 NOCOMPRESS LOGGING
  STORAGE(INITIAL 65536 NEXT 1048576 MINEXTENTS 1 MAXEXTENTS 2147483645
  PCTINCREASE 0 FREELISTS 1 FREELIST GROUPS 1 BUFFER_POOL DEFAULT FLASH_CACHE DEFAULT CELL_FLASH_CACHE DEFAULT)
  TABLESPACE "SYSTEM" ;
--------------------------------------------------------
--  DDL for Table IngredPars
--------------------------------------------------------

  CREATE TABLE "LONNIE"."IngredPars" 
   (	"IngredParID" NUMBER(10,0), 
	"Amount" BINARY_DOUBLE, 
	"Derivative" NUMBER(10,0), 
	"Weight" NUMBER(10,0)
   ) SEGMENT CREATION IMMEDIATE 
  PCTFREE 10 PCTUSED 40 INITRANS 1 MAXTRANS 255 NOCOMPRESS LOGGING
  STORAGE(INITIAL 65536 NEXT 1048576 MINEXTENTS 1 MAXEXTENTS 2147483645
  PCTINCREASE 0 FREELISTS 1 FREELIST GROUPS 1 BUFFER_POOL DEFAULT FLASH_CACHE DEFAULT CELL_FLASH_CACHE DEFAULT)
  TABLESPACE "SYSTEM" ;
--------------------------------------------------------
--  DDL for Table JobTitles
--------------------------------------------------------

  CREATE TABLE "LONNIE"."JobTitles" 
   (	"JobTitleID" NUMBER(10,0), 
	"Title" NCLOB, 
	"CookStatID" NUMBER(10,0)
   ) SEGMENT CREATION IMMEDIATE 
  PCTFREE 10 PCTUSED 40 INITRANS 1 MAXTRANS 255 NOCOMPRESS LOGGING
  STORAGE(INITIAL 65536 NEXT 1048576 MINEXTENTS 1 MAXEXTENTS 2147483645
  PCTINCREASE 0 FREELISTS 1 FREELIST GROUPS 1 BUFFER_POOL DEFAULT FLASH_CACHE DEFAULT CELL_FLASH_CACHE DEFAULT)
  TABLESPACE "SYSTEM" 
 LOB ("Title") STORE AS BASICFILE (
  TABLESPACE "SYSTEM" ENABLE STORAGE IN ROW CHUNK 8192 RETENTION 
  NOCACHE LOGGING 
  STORAGE(INITIAL 65536 NEXT 1048576 MINEXTENTS 1 MAXEXTENTS 2147483645
  PCTINCREASE 0 FREELISTS 1 FREELIST GROUPS 1 BUFFER_POOL DEFAULT FLASH_CACHE DEFAULT CELL_FLASH_CACHE DEFAULT)) ;
--------------------------------------------------------
--  DDL for Table KitTool
--------------------------------------------------------

  CREATE TABLE "LONNIE"."KitTool" 
   (	"KitToolID" NUMBER(10,0), 
	"ToolName" NCLOB, 
	"UsedFor" NCLOB, 
	"ToolAction" NCLOB
   ) SEGMENT CREATION IMMEDIATE 
  PCTFREE 10 PCTUSED 40 INITRANS 1 MAXTRANS 255 NOCOMPRESS LOGGING
  STORAGE(INITIAL 65536 NEXT 1048576 MINEXTENTS 1 MAXEXTENTS 2147483645
  PCTINCREASE 0 FREELISTS 1 FREELIST GROUPS 1 BUFFER_POOL DEFAULT FLASH_CACHE DEFAULT CELL_FLASH_CACHE DEFAULT)
  TABLESPACE "SYSTEM" 
 LOB ("ToolName") STORE AS BASICFILE (
  TABLESPACE "SYSTEM" ENABLE STORAGE IN ROW CHUNK 8192 RETENTION 
  NOCACHE LOGGING 
  STORAGE(INITIAL 65536 NEXT 1048576 MINEXTENTS 1 MAXEXTENTS 2147483645
  PCTINCREASE 0 FREELISTS 1 FREELIST GROUPS 1 BUFFER_POOL DEFAULT FLASH_CACHE DEFAULT CELL_FLASH_CACHE DEFAULT)) 
 LOB ("UsedFor") STORE AS BASICFILE (
  TABLESPACE "SYSTEM" ENABLE STORAGE IN ROW CHUNK 8192 RETENTION 
  NOCACHE LOGGING 
  STORAGE(INITIAL 65536 NEXT 1048576 MINEXTENTS 1 MAXEXTENTS 2147483645
  PCTINCREASE 0 FREELISTS 1 FREELIST GROUPS 1 BUFFER_POOL DEFAULT FLASH_CACHE DEFAULT CELL_FLASH_CACHE DEFAULT)) 
 LOB ("ToolAction") STORE AS BASICFILE (
  TABLESPACE "SYSTEM" ENABLE STORAGE IN ROW CHUNK 8192 RETENTION 
  NOCACHE LOGGING 
  STORAGE(INITIAL 65536 NEXT 1048576 MINEXTENTS 1 MAXEXTENTS 2147483645
  PCTINCREASE 0 FREELISTS 1 FREELIST GROUPS 1 BUFFER_POOL DEFAULT FLASH_CACHE DEFAULT CELL_FLASH_CACHE DEFAULT)) ;
--------------------------------------------------------
--  DDL for Table MenuItems
--------------------------------------------------------

  CREATE TABLE "LONNIE"."MenuItems" 
   (	"MenuItemID" NUMBER(10,0), 
	"MenuItemName" NCLOB, 
	"MenuItemPrice" NUMBER(18,2)
   ) SEGMENT CREATION IMMEDIATE 
  PCTFREE 10 PCTUSED 40 INITRANS 1 MAXTRANS 255 NOCOMPRESS LOGGING
  STORAGE(INITIAL 65536 NEXT 1048576 MINEXTENTS 1 MAXEXTENTS 2147483645
  PCTINCREASE 0 FREELISTS 1 FREELIST GROUPS 1 BUFFER_POOL DEFAULT FLASH_CACHE DEFAULT CELL_FLASH_CACHE DEFAULT)
  TABLESPACE "SYSTEM" 
 LOB ("MenuItemName") STORE AS BASICFILE (
  TABLESPACE "SYSTEM" ENABLE STORAGE IN ROW CHUNK 8192 RETENTION 
  NOCACHE LOGGING 
  STORAGE(INITIAL 65536 NEXT 1048576 MINEXTENTS 1 MAXEXTENTS 2147483645
  PCTINCREASE 0 FREELISTS 1 FREELIST GROUPS 1 BUFFER_POOL DEFAULT FLASH_CACHE DEFAULT CELL_FLASH_CACHE DEFAULT)) ;
--------------------------------------------------------
--  DDL for Table MenuSpecs
--------------------------------------------------------

  CREATE TABLE "LONNIE"."MenuSpecs" 
   (	"MenuSpecID" NUMBER(10,0), 
	"MenuItemID" NUMBER(10,0), 
	"Additions" NCLOB, 
	"Subtractions" NCLOB, 
	"CookStatID" NUMBER(10,0)
   ) SEGMENT CREATION IMMEDIATE 
  PCTFREE 10 PCTUSED 40 INITRANS 1 MAXTRANS 255 NOCOMPRESS LOGGING
  STORAGE(INITIAL 65536 NEXT 1048576 MINEXTENTS 1 MAXEXTENTS 2147483645
  PCTINCREASE 0 FREELISTS 1 FREELIST GROUPS 1 BUFFER_POOL DEFAULT FLASH_CACHE DEFAULT CELL_FLASH_CACHE DEFAULT)
  TABLESPACE "SYSTEM" 
 LOB ("Additions") STORE AS BASICFILE (
  TABLESPACE "SYSTEM" ENABLE STORAGE IN ROW CHUNK 8192 RETENTION 
  NOCACHE LOGGING 
  STORAGE(INITIAL 65536 NEXT 1048576 MINEXTENTS 1 MAXEXTENTS 2147483645
  PCTINCREASE 0 FREELISTS 1 FREELIST GROUPS 1 BUFFER_POOL DEFAULT FLASH_CACHE DEFAULT CELL_FLASH_CACHE DEFAULT)) 
 LOB ("Subtractions") STORE AS BASICFILE (
  TABLESPACE "SYSTEM" ENABLE STORAGE IN ROW CHUNK 8192 RETENTION 
  NOCACHE LOGGING 
  STORAGE(INITIAL 65536 NEXT 1048576 MINEXTENTS 1 MAXEXTENTS 2147483645
  PCTINCREASE 0 FREELISTS 1 FREELIST GROUPS 1 BUFFER_POOL DEFAULT FLASH_CACHE DEFAULT CELL_FLASH_CACHE DEFAULT)) ;
--------------------------------------------------------
--  DDL for Table Quantities
--------------------------------------------------------

  CREATE TABLE "LONNIE"."Quantities" 
   (	"QuantityID" NUMBER(10,0), 
	"Amount" BINARY_DOUBLE, 
	"Derivative" NUMBER(10,0), 
	"Weight" NUMBER(10,0)
   ) SEGMENT CREATION IMMEDIATE 
  PCTFREE 10 PCTUSED 40 INITRANS 1 MAXTRANS 255 NOCOMPRESS LOGGING
  STORAGE(INITIAL 65536 NEXT 1048576 MINEXTENTS 1 MAXEXTENTS 2147483645
  PCTINCREASE 0 FREELISTS 1 FREELIST GROUPS 1 BUFFER_POOL DEFAULT FLASH_CACHE DEFAULT CELL_FLASH_CACHE DEFAULT)
  TABLESPACE "SYSTEM" ;
--------------------------------------------------------
--  DDL for Table Recipe
--------------------------------------------------------

  CREATE TABLE "LONNIE"."Recipe" 
   (	"RecipeID" NUMBER(10,0), 
	"RecipeName" NCLOB, 
	"MenuItemID" NUMBER(10,0), 
	"CookStatID" NUMBER(10,0), 
	"RecipeSteps" NCLOB
   ) SEGMENT CREATION IMMEDIATE 
  PCTFREE 10 PCTUSED 40 INITRANS 1 MAXTRANS 255 NOCOMPRESS LOGGING
  STORAGE(INITIAL 65536 NEXT 1048576 MINEXTENTS 1 MAXEXTENTS 2147483645
  PCTINCREASE 0 FREELISTS 1 FREELIST GROUPS 1 BUFFER_POOL DEFAULT FLASH_CACHE DEFAULT CELL_FLASH_CACHE DEFAULT)
  TABLESPACE "SYSTEM" 
 LOB ("RecipeName") STORE AS BASICFILE (
  TABLESPACE "SYSTEM" ENABLE STORAGE IN ROW CHUNK 8192 RETENTION 
  NOCACHE LOGGING 
  STORAGE(INITIAL 65536 NEXT 1048576 MINEXTENTS 1 MAXEXTENTS 2147483645
  PCTINCREASE 0 FREELISTS 1 FREELIST GROUPS 1 BUFFER_POOL DEFAULT FLASH_CACHE DEFAULT CELL_FLASH_CACHE DEFAULT)) 
 LOB ("RecipeSteps") STORE AS BASICFILE (
  TABLESPACE "SYSTEM" ENABLE STORAGE IN ROW CHUNK 8192 RETENTION 
  NOCACHE LOGGING 
  STORAGE(INITIAL 65536 NEXT 1048576 MINEXTENTS 1 MAXEXTENTS 2147483645
  PCTINCREASE 0 FREELISTS 1 FREELIST GROUPS 1 BUFFER_POOL DEFAULT FLASH_CACHE DEFAULT CELL_FLASH_CACHE DEFAULT)) ;
--------------------------------------------------------
--  DDL for Table RecipeIngreds
--------------------------------------------------------

  CREATE TABLE "LONNIE"."RecipeIngreds" 
   (	"RecipeID" NUMBER(10,0), 
	"IngredID" NUMBER(10,0)
   ) SEGMENT CREATION IMMEDIATE 
  PCTFREE 10 PCTUSED 40 INITRANS 1 MAXTRANS 255 NOCOMPRESS LOGGING
  STORAGE(INITIAL 65536 NEXT 1048576 MINEXTENTS 1 MAXEXTENTS 2147483645
  PCTINCREASE 0 FREELISTS 1 FREELIST GROUPS 1 BUFFER_POOL DEFAULT FLASH_CACHE DEFAULT CELL_FLASH_CACHE DEFAULT)
  TABLESPACE "SYSTEM" ;
--------------------------------------------------------
--  DDL for Table RefrigIngreds
--------------------------------------------------------

  CREATE TABLE "LONNIE"."RefrigIngreds" 
   (	"RefrigIngredID" NUMBER(10,0), 
	"IngredParID" NUMBER(10,0), 
	"IngredMaxID" NUMBER(10,0), 
	"Refrig_RefrigID" NUMBER(10,0)
   ) SEGMENT CREATION IMMEDIATE 
  PCTFREE 10 PCTUSED 40 INITRANS 1 MAXTRANS 255 NOCOMPRESS LOGGING
  STORAGE(INITIAL 65536 NEXT 1048576 MINEXTENTS 1 MAXEXTENTS 2147483645
  PCTINCREASE 0 FREELISTS 1 FREELIST GROUPS 1 BUFFER_POOL DEFAULT FLASH_CACHE DEFAULT CELL_FLASH_CACHE DEFAULT)
  TABLESPACE "SYSTEM" ;
--------------------------------------------------------
--  DDL for Table Refrigs
--------------------------------------------------------

  CREATE TABLE "LONNIE"."Refrigs" 
   (	"RefrigID" NUMBER(10,0)
   ) SEGMENT CREATION IMMEDIATE 
  PCTFREE 10 PCTUSED 40 INITRANS 1 MAXTRANS 255 NOCOMPRESS LOGGING
  STORAGE(INITIAL 65536 NEXT 1048576 MINEXTENTS 1 MAXEXTENTS 2147483645
  PCTINCREASE 0 FREELISTS 1 FREELIST GROUPS 1 BUFFER_POOL DEFAULT FLASH_CACHE DEFAULT CELL_FLASH_CACHE DEFAULT)
  TABLESPACE "SYSTEM" ;
--------------------------------------------------------
--  DDL for Table TblChairSchemas
--------------------------------------------------------

  CREATE TABLE "LONNIE"."TblChairSchemas" 
   (	"DTblID" NUMBER(10,0), 
	"TblCustChairID" NUMBER(10,0)
   ) SEGMENT CREATION IMMEDIATE 
  PCTFREE 10 PCTUSED 40 INITRANS 1 MAXTRANS 255 NOCOMPRESS LOGGING
  STORAGE(INITIAL 65536 NEXT 1048576 MINEXTENTS 1 MAXEXTENTS 2147483645
  PCTINCREASE 0 FREELISTS 1 FREELIST GROUPS 1 BUFFER_POOL DEFAULT FLASH_CACHE DEFAULT CELL_FLASH_CACHE DEFAULT)
  TABLESPACE "SYSTEM" ;
--------------------------------------------------------
--  DDL for Table TblCustChair
--------------------------------------------------------

  CREATE TABLE "LONNIE"."TblCustChair" 
   (	"TblCustChairID" NUMBER(10,0), 
	"DTblID" NUMBER(10,0), 
	"CustID" NUMBER(10,0), 
	"MenuSpecID" NUMBER(10,0)
   ) SEGMENT CREATION IMMEDIATE 
  PCTFREE 10 PCTUSED 40 INITRANS 1 MAXTRANS 255 NOCOMPRESS LOGGING
  STORAGE(INITIAL 65536 NEXT 1048576 MINEXTENTS 1 MAXEXTENTS 2147483645
  PCTINCREASE 0 FREELISTS 1 FREELIST GROUPS 1 BUFFER_POOL DEFAULT FLASH_CACHE DEFAULT CELL_FLASH_CACHE DEFAULT)
  TABLESPACE "SYSTEM" ;
--------------------------------------------------------
--  DDL for Table Tickets
--------------------------------------------------------

  CREATE TABLE "LONNIE"."Tickets" 
   (	"TicketID" NUMBER(10,0), 
	"TblCustChairID" NUMBER(10,0), 
	"DTblID" NUMBER(10,0), 
	"MenuSpecID" NUMBER(10,0), 
	"TimeSubmitted" DATE, 
	"EmpID" NUMBER(10,0)
   ) SEGMENT CREATION IMMEDIATE 
  PCTFREE 10 PCTUSED 40 INITRANS 1 MAXTRANS 255 NOCOMPRESS LOGGING
  STORAGE(INITIAL 65536 NEXT 1048576 MINEXTENTS 1 MAXEXTENTS 2147483645
  PCTINCREASE 0 FREELISTS 1 FREELIST GROUPS 1 BUFFER_POOL DEFAULT FLASH_CACHE DEFAULT CELL_FLASH_CACHE DEFAULT)
  TABLESPACE "SYSTEM" ;
--------------------------------------------------------
--  DDL for Table WorkArea
--------------------------------------------------------

  CREATE TABLE "LONNIE"."WorkArea" 
   (	"WorkAreaID" NUMBER(10,0)
   ) SEGMENT CREATION IMMEDIATE 
  PCTFREE 10 PCTUSED 40 INITRANS 1 MAXTRANS 255 NOCOMPRESS LOGGING
  STORAGE(INITIAL 65536 NEXT 1048576 MINEXTENTS 1 MAXEXTENTS 2147483645
  PCTINCREASE 0 FREELISTS 1 FREELIST GROUPS 1 BUFFER_POOL DEFAULT FLASH_CACHE DEFAULT CELL_FLASH_CACHE DEFAULT)
  TABLESPACE "SYSTEM" ;
--------------------------------------------------------
--  DDL for Table WorkAreaIngreds
--------------------------------------------------------

  CREATE TABLE "LONNIE"."WorkAreaIngreds" 
   (	"WorkAreaIngredID" NUMBER(10,0), 
	"IngredParID" NUMBER(10,0), 
	"IngredMaxID" NUMBER(10,0), 
	"WorkArea_WorkAreaID" NUMBER(10,0)
   ) SEGMENT CREATION IMMEDIATE 
  PCTFREE 10 PCTUSED 40 INITRANS 1 MAXTRANS 255 NOCOMPRESS LOGGING
  STORAGE(INITIAL 65536 NEXT 1048576 MINEXTENTS 1 MAXEXTENTS 2147483645
  PCTINCREASE 0 FREELISTS 1 FREELIST GROUPS 1 BUFFER_POOL DEFAULT FLASH_CACHE DEFAULT CELL_FLASH_CACHE DEFAULT)
  TABLESPACE "SYSTEM" ;
--------------------------------------------------------
--  DDL for Table WorkAreaTools
--------------------------------------------------------

  CREATE TABLE "LONNIE"."WorkAreaTools" 
   (	"WorkAreaToolID" NUMBER(10,0), 
	"WorkArea_WorkAreaID" NUMBER(10,0)
   ) SEGMENT CREATION IMMEDIATE 
  PCTFREE 10 PCTUSED 40 INITRANS 1 MAXTRANS 255 NOCOMPRESS LOGGING
  STORAGE(INITIAL 65536 NEXT 1048576 MINEXTENTS 1 MAXEXTENTS 2147483645
  PCTINCREASE 0 FREELISTS 1 FREELIST GROUPS 1 BUFFER_POOL DEFAULT FLASH_CACHE DEFAULT CELL_FLASH_CACHE DEFAULT)
  TABLESPACE "SYSTEM" ;
--------------------------------------------------------
--  DDL for Table __MigrationHistory
--------------------------------------------------------

  CREATE TABLE "LONNIE"."__MigrationHistory" 
   (	"MigrationId" NVARCHAR2(150), 
	"ContextKey" NVARCHAR2(300), 
	"Model" BLOB, 
	"ProductVersion" NVARCHAR2(32)
   ) SEGMENT CREATION IMMEDIATE 
  PCTFREE 10 PCTUSED 40 INITRANS 1 MAXTRANS 255 NOCOMPRESS LOGGING
  STORAGE(INITIAL 65536 NEXT 1048576 MINEXTENTS 1 MAXEXTENTS 2147483645
  PCTINCREASE 0 FREELISTS 1 FREELIST GROUPS 1 BUFFER_POOL DEFAULT FLASH_CACHE DEFAULT CELL_FLASH_CACHE DEFAULT)
  TABLESPACE "SYSTEM" 
 LOB ("Model") STORE AS BASICFILE (
  TABLESPACE "SYSTEM" ENABLE STORAGE IN ROW CHUNK 8192 RETENTION 
  NOCACHE LOGGING 
  STORAGE(INITIAL 65536 NEXT 1048576 MINEXTENTS 1 MAXEXTENTS 2147483645
  PCTINCREASE 0 FREELISTS 1 FREELIST GROUPS 1 BUFFER_POOL DEFAULT FLASH_CACHE DEFAULT CELL_FLASH_CACHE DEFAULT)) ;
REM INSERTING into LONNIE."CookStat"
SET DEFINE OFF;
Insert into LONNIE."CookStat" ("CookStatID","RefrigID","WorkAreaID") values (1,2,1);
Insert into LONNIE."CookStat" ("CookStatID","RefrigID","WorkAreaID") values (2,3,2);
Insert into LONNIE."CookStat" ("CookStatID","RefrigID","WorkAreaID") values (3,4,3);
Insert into LONNIE."CookStat" ("CookStatID","RefrigID","WorkAreaID") values (4,1,4);
REM INSERTING into LONNIE."CookStatKitTools"
SET DEFINE OFF;
REM INSERTING into LONNIE."CookStatTools"
SET DEFINE OFF;
Insert into LONNIE."CookStatTools" ("CookStatToolID","CookStat_CookStatID") values (3,1);
Insert into LONNIE."CookStatTools" ("CookStatToolID","CookStat_CookStatID") values (4,1);
Insert into LONNIE."CookStatTools" ("CookStatToolID","CookStat_CookStatID") values (5,1);
Insert into LONNIE."CookStatTools" ("CookStatToolID","CookStat_CookStatID") values (6,1);
Insert into LONNIE."CookStatTools" ("CookStatToolID","CookStat_CookStatID") values (7,1);
Insert into LONNIE."CookStatTools" ("CookStatToolID","CookStat_CookStatID") values (8,1);
Insert into LONNIE."CookStatTools" ("CookStatToolID","CookStat_CookStatID") values (9,1);
REM INSERTING into LONNIE."CookingStation"
SET DEFINE OFF;
REM INSERTING into LONNIE."CookingStationKitchenTools"
SET DEFINE OFF;
REM INSERTING into LONNIE."Custs"
SET DEFINE OFF;
Insert into LONNIE."Custs" ("CustID","PayingCust","PaymentMethod") values (1,1,2);
Insert into LONNIE."Custs" ("CustID","PayingCust","PaymentMethod") values (2,1,0);
Insert into LONNIE."Custs" ("CustID","PayingCust","PaymentMethod") values (3,0,0);
REM INSERTING into LONNIE."DTbl"
SET DEFINE OFF;
REM INSERTING into LONNIE."Emps"
SET DEFINE OFF;
Insert into LONNIE."Emps" ("EmpID","HeightID","Weight","JobTitleID") values (1,1,'175.0',1);
Insert into LONNIE."Emps" ("EmpID","HeightID","Weight","JobTitleID") values (2,2,'215.0',1);
Insert into LONNIE."Emps" ("EmpID","HeightID","Weight","JobTitleID") values (3,3,'225.0',2);
Insert into LONNIE."Emps" ("EmpID","HeightID","Weight","JobTitleID") values (4,4,'180.0',3);
Insert into LONNIE."Emps" ("EmpID","HeightID","Weight","JobTitleID") values (5,5,'100.0',4);
Insert into LONNIE."Emps" ("EmpID","HeightID","Weight","JobTitleID") values (6,6,'285.0',4);
Insert into LONNIE."Emps" ("EmpID","HeightID","Weight","JobTitleID") values (7,7,'155.5',4);
REM INSERTING into LONNIE."Heights"
SET DEFINE OFF;
Insert into LONNIE."Heights" ("HeightID","feet","inches") values (1,6,'0.0');
Insert into LONNIE."Heights" ("HeightID","feet","inches") values (2,6,'3.0');
Insert into LONNIE."Heights" ("HeightID","feet","inches") values (3,6,'2.0');
Insert into LONNIE."Heights" ("HeightID","feet","inches") values (4,5,'5.0');
Insert into LONNIE."Heights" ("HeightID","feet","inches") values (5,4,'6.0');
Insert into LONNIE."Heights" ("HeightID","feet","inches") values (6,6,'8.0');
Insert into LONNIE."Heights" ("HeightID","feet","inches") values (7,5,'5.5');
REM INSERTING into LONNIE."Ingred"
SET DEFINE OFF;
Insert into LONNIE."Ingred" ("IngredID","QuantityID","Amount","Derivative","Weight","MenuItem_MenuItemID","Recipe_RecipeID") values (1,0,'0.0',0,0,null,1);
Insert into LONNIE."Ingred" ("IngredID","QuantityID","Amount","Derivative","Weight","MenuItem_MenuItemID","Recipe_RecipeID") values (2,0,'0.0',0,0,null,1);
Insert into LONNIE."Ingred" ("IngredID","QuantityID","Amount","Derivative","Weight","MenuItem_MenuItemID","Recipe_RecipeID") values (3,0,'0.0',0,0,null,2);
Insert into LONNIE."Ingred" ("IngredID","QuantityID","Amount","Derivative","Weight","MenuItem_MenuItemID","Recipe_RecipeID") values (4,0,'0.0',0,0,null,2);
Insert into LONNIE."Ingred" ("IngredID","QuantityID","Amount","Derivative","Weight","MenuItem_MenuItemID","Recipe_RecipeID") values (5,0,'0.0',0,0,null,2);
REM INSERTING into LONNIE."IngredMaxes"
SET DEFINE OFF;
Insert into LONNIE."IngredMaxes" ("IngredMaxID","Amount","Derivative","Weight") values (1,'10.0',4,10);
Insert into LONNIE."IngredMaxes" ("IngredMaxID","Amount","Derivative","Weight") values (2,'4.0',4,4);
Insert into LONNIE."IngredMaxes" ("IngredMaxID","Amount","Derivative","Weight") values (3,'48.0',4,10);
Insert into LONNIE."IngredMaxes" ("IngredMaxID","Amount","Derivative","Weight") values (4,'48.0',0,0);
Insert into LONNIE."IngredMaxes" ("IngredMaxID","Amount","Derivative","Weight") values (5,'4.0',4,4);
REM INSERTING into LONNIE."IngredPars"
SET DEFINE OFF;
Insert into LONNIE."IngredPars" ("IngredParID","Amount","Derivative","Weight") values (1,'4.0',4,10);
Insert into LONNIE."IngredPars" ("IngredParID","Amount","Derivative","Weight") values (2,'1.0',4,4);
Insert into LONNIE."IngredPars" ("IngredParID","Amount","Derivative","Weight") values (3,'16.0',4,10);
Insert into LONNIE."IngredPars" ("IngredParID","Amount","Derivative","Weight") values (4,'8.0',4,10);
Insert into LONNIE."IngredPars" ("IngredParID","Amount","Derivative","Weight") values (5,'1.0',4,4);
REM INSERTING into LONNIE."JobTitles"
SET DEFINE OFF;
Insert into LONNIE."JobTitles" ("JobTitleID","CookStatID") values (1,1);
Insert into LONNIE."JobTitles" ("JobTitleID","CookStatID") values (2,4);
Insert into LONNIE."JobTitles" ("JobTitleID","CookStatID") values (3,3);
Insert into LONNIE."JobTitles" ("JobTitleID","CookStatID") values (4,2);
Insert into LONNIE."JobTitles" ("JobTitleID","CookStatID") values (5,2);
Insert into LONNIE."JobTitles" ("JobTitleID","CookStatID") values (6,2);
Insert into LONNIE."JobTitles" ("JobTitleID","CookStatID") values (7,2);
Insert into LONNIE."JobTitles" ("JobTitleID","CookStatID") values (8,2);
Insert into LONNIE."JobTitles" ("JobTitleID","CookStatID") values (9,2);
REM INSERTING into LONNIE."KitTool"
SET DEFINE OFF;
Insert into LONNIE."KitTool" ("KitToolID") values (1);
Insert into LONNIE."KitTool" ("KitToolID") values (2);
Insert into LONNIE."KitTool" ("KitToolID") values (3);
Insert into LONNIE."KitTool" ("KitToolID") values (4);
Insert into LONNIE."KitTool" ("KitToolID") values (5);
Insert into LONNIE."KitTool" ("KitToolID") values (6);
Insert into LONNIE."KitTool" ("KitToolID") values (7);
Insert into LONNIE."KitTool" ("KitToolID") values (8);
Insert into LONNIE."KitTool" ("KitToolID") values (9);
REM INSERTING into LONNIE."MenuItems"
SET DEFINE OFF;
Insert into LONNIE."MenuItems" ("MenuItemID","MenuItemPrice") values (1,7);
Insert into LONNIE."MenuItems" ("MenuItemID","MenuItemPrice") values (2,7);
REM INSERTING into LONNIE."MenuSpecs"
SET DEFINE OFF;
REM INSERTING into LONNIE."Quantities"
SET DEFINE OFF;
REM INSERTING into LONNIE."Recipe"
SET DEFINE OFF;
Insert into LONNIE."Recipe" ("RecipeID","MenuItemID","CookStatID") values (1,1,4);
Insert into LONNIE."Recipe" ("RecipeID","MenuItemID","CookStatID") values (2,2,1);
REM INSERTING into LONNIE."RecipeIngreds"
SET DEFINE OFF;
REM INSERTING into LONNIE."RefrigIngreds"
SET DEFINE OFF;
Insert into LONNIE."RefrigIngreds" ("RefrigIngredID","IngredParID","IngredMaxID","Refrig_RefrigID") values (1,1,1,1);
Insert into LONNIE."RefrigIngreds" ("RefrigIngredID","IngredParID","IngredMaxID","Refrig_RefrigID") values (2,2,2,1);
Insert into LONNIE."RefrigIngreds" ("RefrigIngredID","IngredParID","IngredMaxID","Refrig_RefrigID") values (3,3,3,2);
Insert into LONNIE."RefrigIngreds" ("RefrigIngredID","IngredParID","IngredMaxID","Refrig_RefrigID") values (5,4,4,2);
REM INSERTING into LONNIE."Refrigs"
SET DEFINE OFF;
Insert into LONNIE."Refrigs" ("RefrigID") values (1);
Insert into LONNIE."Refrigs" ("RefrigID") values (2);
Insert into LONNIE."Refrigs" ("RefrigID") values (3);
Insert into LONNIE."Refrigs" ("RefrigID") values (4);
REM INSERTING into LONNIE."TblChairSchemas"
SET DEFINE OFF;
REM INSERTING into LONNIE."TblCustChair"
SET DEFINE OFF;
REM INSERTING into LONNIE."Tickets"
SET DEFINE OFF;
REM INSERTING into LONNIE."WorkArea"
SET DEFINE OFF;
Insert into LONNIE."WorkArea" ("WorkAreaID") values (1);
Insert into LONNIE."WorkArea" ("WorkAreaID") values (2);
Insert into LONNIE."WorkArea" ("WorkAreaID") values (3);
Insert into LONNIE."WorkArea" ("WorkAreaID") values (4);
REM INSERTING into LONNIE."WorkAreaIngreds"
SET DEFINE OFF;
Insert into LONNIE."WorkAreaIngreds" ("WorkAreaIngredID","IngredParID","IngredMaxID","WorkArea_WorkAreaID") values (4,5,5,1);
REM INSERTING into LONNIE."WorkAreaTools"
SET DEFINE OFF;
Insert into LONNIE."WorkAreaTools" ("WorkAreaToolID","WorkArea_WorkAreaID") values (1,1);
Insert into LONNIE."WorkAreaTools" ("WorkAreaToolID","WorkArea_WorkAreaID") values (2,1);
REM INSERTING into LONNIE."__MigrationHistory"
SET DEFINE OFF;
Insert into LONNIE."__MigrationHistory" ("MigrationId","ContextKey","ProductVersion") values ('201605302012227_InitialCreate','EF6OracleDB.DAL.OracleDbContext','6.1.3-40302');
--------------------------------------------------------
--  DDL for Index IX_CookStatKitTools_CookStatID
--------------------------------------------------------

  CREATE INDEX "LONNIE"."IX_CookStatKitTools_CookStatID" ON "LONNIE"."CookStatKitTools" ("CookStatID") 
  PCTFREE 10 INITRANS 2 MAXTRANS 255 COMPUTE STATISTICS 
  STORAGE(INITIAL 65536 NEXT 1048576 MINEXTENTS 1 MAXEXTENTS 2147483645
  PCTINCREASE 0 FREELISTS 1 FREELIST GROUPS 1 BUFFER_POOL DEFAULT FLASH_CACHE DEFAULT CELL_FLASH_CACHE DEFAULT)
  TABLESPACE "SYSTEM" ;
--------------------------------------------------------
--  DDL for Index IX_CookStatKitTools_KitToolID
--------------------------------------------------------

  CREATE INDEX "LONNIE"."IX_CookStatKitTools_KitToolID" ON "LONNIE"."CookStatKitTools" ("KitToolID") 
  PCTFREE 10 INITRANS 2 MAXTRANS 255 COMPUTE STATISTICS 
  STORAGE(INITIAL 65536 NEXT 1048576 MINEXTENTS 1 MAXEXTENTS 2147483645
  PCTINCREASE 0 FREELISTS 1 FREELIST GROUPS 1 BUFFER_POOL DEFAULT FLASH_CACHE DEFAULT CELL_FLASH_CACHE DEFAULT)
  TABLESPACE "SYSTEM" ;
--------------------------------------------------------
--  DDL for Index IX_CookStatTools_Coo_447742067
--------------------------------------------------------

  CREATE INDEX "LONNIE"."IX_CookStatTools_Coo_447742067" ON "LONNIE"."CookStatTools" ("CookStat_CookStatID") 
  PCTFREE 10 INITRANS 2 MAXTRANS 255 COMPUTE STATISTICS 
  STORAGE(INITIAL 65536 NEXT 1048576 MINEXTENTS 1 MAXEXTENTS 2147483645
  PCTINCREASE 0 FREELISTS 1 FREELIST GROUPS 1 BUFFER_POOL DEFAULT FLASH_CACHE DEFAULT CELL_FLASH_CACHE DEFAULT)
  TABLESPACE "SYSTEM" ;
--------------------------------------------------------
--  DDL for Index IX_Emps_HeightID
--------------------------------------------------------

  CREATE INDEX "LONNIE"."IX_Emps_HeightID" ON "LONNIE"."Emps" ("HeightID") 
  PCTFREE 10 INITRANS 2 MAXTRANS 255 COMPUTE STATISTICS 
  STORAGE(INITIAL 65536 NEXT 1048576 MINEXTENTS 1 MAXEXTENTS 2147483645
  PCTINCREASE 0 FREELISTS 1 FREELIST GROUPS 1 BUFFER_POOL DEFAULT FLASH_CACHE DEFAULT CELL_FLASH_CACHE DEFAULT)
  TABLESPACE "SYSTEM" ;
--------------------------------------------------------
--  DDL for Index IX_Emps_JobTitleID
--------------------------------------------------------

  CREATE INDEX "LONNIE"."IX_Emps_JobTitleID" ON "LONNIE"."Emps" ("JobTitleID") 
  PCTFREE 10 INITRANS 2 MAXTRANS 255 COMPUTE STATISTICS 
  STORAGE(INITIAL 65536 NEXT 1048576 MINEXTENTS 1 MAXEXTENTS 2147483645
  PCTINCREASE 0 FREELISTS 1 FREELIST GROUPS 1 BUFFER_POOL DEFAULT FLASH_CACHE DEFAULT CELL_FLASH_CACHE DEFAULT)
  TABLESPACE "SYSTEM" ;
--------------------------------------------------------
--  DDL for Index IX_Ingred_MenuItem_MenuItemID
--------------------------------------------------------

  CREATE INDEX "LONNIE"."IX_Ingred_MenuItem_MenuItemID" ON "LONNIE"."Ingred" ("MenuItem_MenuItemID") 
  PCTFREE 10 INITRANS 2 MAXTRANS 255 COMPUTE STATISTICS 
  STORAGE(INITIAL 65536 NEXT 1048576 MINEXTENTS 1 MAXEXTENTS 2147483645
  PCTINCREASE 0 FREELISTS 1 FREELIST GROUPS 1 BUFFER_POOL DEFAULT FLASH_CACHE DEFAULT CELL_FLASH_CACHE DEFAULT)
  TABLESPACE "SYSTEM" ;
--------------------------------------------------------
--  DDL for Index IX_Ingred_Recipe_RecipeID
--------------------------------------------------------

  CREATE INDEX "LONNIE"."IX_Ingred_Recipe_RecipeID" ON "LONNIE"."Ingred" ("Recipe_RecipeID") 
  PCTFREE 10 INITRANS 2 MAXTRANS 255 COMPUTE STATISTICS 
  STORAGE(INITIAL 65536 NEXT 1048576 MINEXTENTS 1 MAXEXTENTS 2147483645
  PCTINCREASE 0 FREELISTS 1 FREELIST GROUPS 1 BUFFER_POOL DEFAULT FLASH_CACHE DEFAULT CELL_FLASH_CACHE DEFAULT)
  TABLESPACE "SYSTEM" ;
--------------------------------------------------------
--  DDL for Index IX_RecipeIngreds_IngredID
--------------------------------------------------------

  CREATE INDEX "LONNIE"."IX_RecipeIngreds_IngredID" ON "LONNIE"."RecipeIngreds" ("IngredID") 
  PCTFREE 10 INITRANS 2 MAXTRANS 255 COMPUTE STATISTICS 
  STORAGE(INITIAL 65536 NEXT 1048576 MINEXTENTS 1 MAXEXTENTS 2147483645
  PCTINCREASE 0 FREELISTS 1 FREELIST GROUPS 1 BUFFER_POOL DEFAULT FLASH_CACHE DEFAULT CELL_FLASH_CACHE DEFAULT)
  TABLESPACE "SYSTEM" ;
--------------------------------------------------------
--  DDL for Index IX_RecipeIngreds_RecipeID
--------------------------------------------------------

  CREATE INDEX "LONNIE"."IX_RecipeIngreds_RecipeID" ON "LONNIE"."RecipeIngreds" ("RecipeID") 
  PCTFREE 10 INITRANS 2 MAXTRANS 255 COMPUTE STATISTICS 
  STORAGE(INITIAL 65536 NEXT 1048576 MINEXTENTS 1 MAXEXTENTS 2147483645
  PCTINCREASE 0 FREELISTS 1 FREELIST GROUPS 1 BUFFER_POOL DEFAULT FLASH_CACHE DEFAULT CELL_FLASH_CACHE DEFAULT)
  TABLESPACE "SYSTEM" ;
--------------------------------------------------------
--  DDL for Index IX_RefrigIngreds_IngredMaxID
--------------------------------------------------------

  CREATE INDEX "LONNIE"."IX_RefrigIngreds_IngredMaxID" ON "LONNIE"."RefrigIngreds" ("IngredMaxID") 
  PCTFREE 10 INITRANS 2 MAXTRANS 255 COMPUTE STATISTICS 
  STORAGE(INITIAL 65536 NEXT 1048576 MINEXTENTS 1 MAXEXTENTS 2147483645
  PCTINCREASE 0 FREELISTS 1 FREELIST GROUPS 1 BUFFER_POOL DEFAULT FLASH_CACHE DEFAULT CELL_FLASH_CACHE DEFAULT)
  TABLESPACE "SYSTEM" ;
--------------------------------------------------------
--  DDL for Index IX_RefrigIngreds_IngredParID
--------------------------------------------------------

  CREATE INDEX "LONNIE"."IX_RefrigIngreds_IngredParID" ON "LONNIE"."RefrigIngreds" ("IngredParID") 
  PCTFREE 10 INITRANS 2 MAXTRANS 255 COMPUTE STATISTICS 
  STORAGE(INITIAL 65536 NEXT 1048576 MINEXTENTS 1 MAXEXTENTS 2147483645
  PCTINCREASE 0 FREELISTS 1 FREELIST GROUPS 1 BUFFER_POOL DEFAULT FLASH_CACHE DEFAULT CELL_FLASH_CACHE DEFAULT)
  TABLESPACE "SYSTEM" ;
--------------------------------------------------------
--  DDL for Index IX_RefrigIngreds_Re_1715169980
--------------------------------------------------------

  CREATE INDEX "LONNIE"."IX_RefrigIngreds_Re_1715169980" ON "LONNIE"."RefrigIngreds" ("Refrig_RefrigID") 
  PCTFREE 10 INITRANS 2 MAXTRANS 255 COMPUTE STATISTICS 
  STORAGE(INITIAL 65536 NEXT 1048576 MINEXTENTS 1 MAXEXTENTS 2147483645
  PCTINCREASE 0 FREELISTS 1 FREELIST GROUPS 1 BUFFER_POOL DEFAULT FLASH_CACHE DEFAULT CELL_FLASH_CACHE DEFAULT)
  TABLESPACE "SYSTEM" ;
--------------------------------------------------------
--  DDL for Index IX_TblChairSchemas_DTblID
--------------------------------------------------------

  CREATE INDEX "LONNIE"."IX_TblChairSchemas_DTblID" ON "LONNIE"."TblChairSchemas" ("DTblID") 
  PCTFREE 10 INITRANS 2 MAXTRANS 255 COMPUTE STATISTICS 
  STORAGE(INITIAL 65536 NEXT 1048576 MINEXTENTS 1 MAXEXTENTS 2147483645
  PCTINCREASE 0 FREELISTS 1 FREELIST GROUPS 1 BUFFER_POOL DEFAULT FLASH_CACHE DEFAULT CELL_FLASH_CACHE DEFAULT)
  TABLESPACE "SYSTEM" ;
--------------------------------------------------------
--  DDL for Index IX_TblChairSchemas__1298727822
--------------------------------------------------------

  CREATE INDEX "LONNIE"."IX_TblChairSchemas__1298727822" ON "LONNIE"."TblChairSchemas" ("TblCustChairID") 
  PCTFREE 10 INITRANS 2 MAXTRANS 255 COMPUTE STATISTICS 
  STORAGE(INITIAL 65536 NEXT 1048576 MINEXTENTS 1 MAXEXTENTS 2147483645
  PCTINCREASE 0 FREELISTS 1 FREELIST GROUPS 1 BUFFER_POOL DEFAULT FLASH_CACHE DEFAULT CELL_FLASH_CACHE DEFAULT)
  TABLESPACE "SYSTEM" ;
--------------------------------------------------------
--  DDL for Index IX_WorkAreaIngreds_IngredMaxID
--------------------------------------------------------

  CREATE INDEX "LONNIE"."IX_WorkAreaIngreds_IngredMaxID" ON "LONNIE"."WorkAreaIngreds" ("IngredMaxID") 
  PCTFREE 10 INITRANS 2 MAXTRANS 255 COMPUTE STATISTICS 
  STORAGE(INITIAL 65536 NEXT 1048576 MINEXTENTS 1 MAXEXTENTS 2147483645
  PCTINCREASE 0 FREELISTS 1 FREELIST GROUPS 1 BUFFER_POOL DEFAULT FLASH_CACHE DEFAULT CELL_FLASH_CACHE DEFAULT)
  TABLESPACE "SYSTEM" ;
--------------------------------------------------------
--  DDL for Index IX_WorkAreaIngreds_IngredParID
--------------------------------------------------------

  CREATE INDEX "LONNIE"."IX_WorkAreaIngreds_IngredParID" ON "LONNIE"."WorkAreaIngreds" ("IngredParID") 
  PCTFREE 10 INITRANS 2 MAXTRANS 255 COMPUTE STATISTICS 
  STORAGE(INITIAL 65536 NEXT 1048576 MINEXTENTS 1 MAXEXTENTS 2147483645
  PCTINCREASE 0 FREELISTS 1 FREELIST GROUPS 1 BUFFER_POOL DEFAULT FLASH_CACHE DEFAULT CELL_FLASH_CACHE DEFAULT)
  TABLESPACE "SYSTEM" ;
--------------------------------------------------------
--  DDL for Index IX_WorkAreaIngreds_W_322206454
--------------------------------------------------------

  CREATE INDEX "LONNIE"."IX_WorkAreaIngreds_W_322206454" ON "LONNIE"."WorkAreaIngreds" ("WorkArea_WorkAreaID") 
  PCTFREE 10 INITRANS 2 MAXTRANS 255 COMPUTE STATISTICS 
  STORAGE(INITIAL 65536 NEXT 1048576 MINEXTENTS 1 MAXEXTENTS 2147483645
  PCTINCREASE 0 FREELISTS 1 FREELIST GROUPS 1 BUFFER_POOL DEFAULT FLASH_CACHE DEFAULT CELL_FLASH_CACHE DEFAULT)
  TABLESPACE "SYSTEM" ;
--------------------------------------------------------
--  DDL for Index IX_WorkAreaTools_Wor_199499061
--------------------------------------------------------

  CREATE INDEX "LONNIE"."IX_WorkAreaTools_Wor_199499061" ON "LONNIE"."WorkAreaTools" ("WorkArea_WorkAreaID") 
  PCTFREE 10 INITRANS 2 MAXTRANS 255 COMPUTE STATISTICS 
  STORAGE(INITIAL 65536 NEXT 1048576 MINEXTENTS 1 MAXEXTENTS 2147483645
  PCTINCREASE 0 FREELISTS 1 FREELIST GROUPS 1 BUFFER_POOL DEFAULT FLASH_CACHE DEFAULT CELL_FLASH_CACHE DEFAULT)
  TABLESPACE "SYSTEM" ;
--------------------------------------------------------
--  DDL for Index PK_CookStat
--------------------------------------------------------

  CREATE UNIQUE INDEX "LONNIE"."PK_CookStat" ON "LONNIE"."CookStat" ("CookStatID") 
  PCTFREE 10 INITRANS 2 MAXTRANS 255 
  STORAGE(INITIAL 65536 NEXT 1048576 MINEXTENTS 1 MAXEXTENTS 2147483645
  PCTINCREASE 0 FREELISTS 1 FREELIST GROUPS 1 BUFFER_POOL DEFAULT FLASH_CACHE DEFAULT CELL_FLASH_CACHE DEFAULT)
  TABLESPACE "SYSTEM" ;
--------------------------------------------------------
--  DDL for Index PK_CookStatKitTools
--------------------------------------------------------

  CREATE UNIQUE INDEX "LONNIE"."PK_CookStatKitTools" ON "LONNIE"."CookStatKitTools" ("CookStatID", "KitToolID") 
  PCTFREE 10 INITRANS 2 MAXTRANS 255 
  STORAGE(INITIAL 65536 NEXT 1048576 MINEXTENTS 1 MAXEXTENTS 2147483645
  PCTINCREASE 0 FREELISTS 1 FREELIST GROUPS 1 BUFFER_POOL DEFAULT FLASH_CACHE DEFAULT CELL_FLASH_CACHE DEFAULT)
  TABLESPACE "SYSTEM" ;
--------------------------------------------------------
--  DDL for Index PK_CookStatTools
--------------------------------------------------------

  CREATE UNIQUE INDEX "LONNIE"."PK_CookStatTools" ON "LONNIE"."CookStatTools" ("CookStatToolID") 
  PCTFREE 10 INITRANS 2 MAXTRANS 255 
  STORAGE(INITIAL 65536 NEXT 1048576 MINEXTENTS 1 MAXEXTENTS 2147483645
  PCTINCREASE 0 FREELISTS 1 FREELIST GROUPS 1 BUFFER_POOL DEFAULT FLASH_CACHE DEFAULT CELL_FLASH_CACHE DEFAULT)
  TABLESPACE "SYSTEM" ;
--------------------------------------------------------
--  DDL for Index PK_CookingStation
--------------------------------------------------------

  CREATE UNIQUE INDEX "LONNIE"."PK_CookingStation" ON "LONNIE"."CookingStation" ("CookingStationID") 
  PCTFREE 10 INITRANS 2 MAXTRANS 255 
  STORAGE(INITIAL 65536 NEXT 1048576 MINEXTENTS 1 MAXEXTENTS 2147483645
  PCTINCREASE 0 FREELISTS 1 FREELIST GROUPS 1 BUFFER_POOL DEFAULT FLASH_CACHE DEFAULT CELL_FLASH_CACHE DEFAULT)
  TABLESPACE "SYSTEM" ;
--------------------------------------------------------
--  DDL for Index PK_CookingStationKitchenTools
--------------------------------------------------------

  CREATE UNIQUE INDEX "LONNIE"."PK_CookingStationKitchenTools" ON "LONNIE"."CookingStationKitchenTools" ("CookingStationID", "KitchenToolID") 
  PCTFREE 10 INITRANS 2 MAXTRANS 255 
  STORAGE(INITIAL 65536 NEXT 1048576 MINEXTENTS 1 MAXEXTENTS 2147483645
  PCTINCREASE 0 FREELISTS 1 FREELIST GROUPS 1 BUFFER_POOL DEFAULT FLASH_CACHE DEFAULT CELL_FLASH_CACHE DEFAULT)
  TABLESPACE "SYSTEM" ;
--------------------------------------------------------
--  DDL for Index PK_Custs
--------------------------------------------------------

  CREATE UNIQUE INDEX "LONNIE"."PK_Custs" ON "LONNIE"."Custs" ("CustID") 
  PCTFREE 10 INITRANS 2 MAXTRANS 255 
  STORAGE(INITIAL 65536 NEXT 1048576 MINEXTENTS 1 MAXEXTENTS 2147483645
  PCTINCREASE 0 FREELISTS 1 FREELIST GROUPS 1 BUFFER_POOL DEFAULT FLASH_CACHE DEFAULT CELL_FLASH_CACHE DEFAULT)
  TABLESPACE "SYSTEM" ;
--------------------------------------------------------
--  DDL for Index PK_DTbl
--------------------------------------------------------

  CREATE UNIQUE INDEX "LONNIE"."PK_DTbl" ON "LONNIE"."DTbl" ("DTblID") 
  PCTFREE 10 INITRANS 2 MAXTRANS 255 
  STORAGE(INITIAL 65536 NEXT 1048576 MINEXTENTS 1 MAXEXTENTS 2147483645
  PCTINCREASE 0 FREELISTS 1 FREELIST GROUPS 1 BUFFER_POOL DEFAULT FLASH_CACHE DEFAULT CELL_FLASH_CACHE DEFAULT)
  TABLESPACE "SYSTEM" ;
--------------------------------------------------------
--  DDL for Index PK_Emps
--------------------------------------------------------

  CREATE UNIQUE INDEX "LONNIE"."PK_Emps" ON "LONNIE"."Emps" ("EmpID") 
  PCTFREE 10 INITRANS 2 MAXTRANS 255 
  STORAGE(INITIAL 65536 NEXT 1048576 MINEXTENTS 1 MAXEXTENTS 2147483645
  PCTINCREASE 0 FREELISTS 1 FREELIST GROUPS 1 BUFFER_POOL DEFAULT FLASH_CACHE DEFAULT CELL_FLASH_CACHE DEFAULT)
  TABLESPACE "SYSTEM" ;
--------------------------------------------------------
--  DDL for Index PK_Heights
--------------------------------------------------------

  CREATE UNIQUE INDEX "LONNIE"."PK_Heights" ON "LONNIE"."Heights" ("HeightID") 
  PCTFREE 10 INITRANS 2 MAXTRANS 255 
  STORAGE(INITIAL 65536 NEXT 1048576 MINEXTENTS 1 MAXEXTENTS 2147483645
  PCTINCREASE 0 FREELISTS 1 FREELIST GROUPS 1 BUFFER_POOL DEFAULT FLASH_CACHE DEFAULT CELL_FLASH_CACHE DEFAULT)
  TABLESPACE "SYSTEM" ;
--------------------------------------------------------
--  DDL for Index PK_Ingred
--------------------------------------------------------

  CREATE UNIQUE INDEX "LONNIE"."PK_Ingred" ON "LONNIE"."Ingred" ("IngredID") 
  PCTFREE 10 INITRANS 2 MAXTRANS 255 
  STORAGE(INITIAL 65536 NEXT 1048576 MINEXTENTS 1 MAXEXTENTS 2147483645
  PCTINCREASE 0 FREELISTS 1 FREELIST GROUPS 1 BUFFER_POOL DEFAULT FLASH_CACHE DEFAULT CELL_FLASH_CACHE DEFAULT)
  TABLESPACE "SYSTEM" ;
--------------------------------------------------------
--  DDL for Index PK_IngredMaxes
--------------------------------------------------------

  CREATE UNIQUE INDEX "LONNIE"."PK_IngredMaxes" ON "LONNIE"."IngredMaxes" ("IngredMaxID") 
  PCTFREE 10 INITRANS 2 MAXTRANS 255 
  STORAGE(INITIAL 65536 NEXT 1048576 MINEXTENTS 1 MAXEXTENTS 2147483645
  PCTINCREASE 0 FREELISTS 1 FREELIST GROUPS 1 BUFFER_POOL DEFAULT FLASH_CACHE DEFAULT CELL_FLASH_CACHE DEFAULT)
  TABLESPACE "SYSTEM" ;
--------------------------------------------------------
--  DDL for Index PK_IngredPars
--------------------------------------------------------

  CREATE UNIQUE INDEX "LONNIE"."PK_IngredPars" ON "LONNIE"."IngredPars" ("IngredParID") 
  PCTFREE 10 INITRANS 2 MAXTRANS 255 
  STORAGE(INITIAL 65536 NEXT 1048576 MINEXTENTS 1 MAXEXTENTS 2147483645
  PCTINCREASE 0 FREELISTS 1 FREELIST GROUPS 1 BUFFER_POOL DEFAULT FLASH_CACHE DEFAULT CELL_FLASH_CACHE DEFAULT)
  TABLESPACE "SYSTEM" ;
--------------------------------------------------------
--  DDL for Index PK_JobTitles
--------------------------------------------------------

  CREATE UNIQUE INDEX "LONNIE"."PK_JobTitles" ON "LONNIE"."JobTitles" ("JobTitleID") 
  PCTFREE 10 INITRANS 2 MAXTRANS 255 
  STORAGE(INITIAL 65536 NEXT 1048576 MINEXTENTS 1 MAXEXTENTS 2147483645
  PCTINCREASE 0 FREELISTS 1 FREELIST GROUPS 1 BUFFER_POOL DEFAULT FLASH_CACHE DEFAULT CELL_FLASH_CACHE DEFAULT)
  TABLESPACE "SYSTEM" ;
--------------------------------------------------------
--  DDL for Index PK_KitTool
--------------------------------------------------------

  CREATE UNIQUE INDEX "LONNIE"."PK_KitTool" ON "LONNIE"."KitTool" ("KitToolID") 
  PCTFREE 10 INITRANS 2 MAXTRANS 255 
  STORAGE(INITIAL 65536 NEXT 1048576 MINEXTENTS 1 MAXEXTENTS 2147483645
  PCTINCREASE 0 FREELISTS 1 FREELIST GROUPS 1 BUFFER_POOL DEFAULT FLASH_CACHE DEFAULT CELL_FLASH_CACHE DEFAULT)
  TABLESPACE "SYSTEM" ;
--------------------------------------------------------
--  DDL for Index PK_MenuItems
--------------------------------------------------------

  CREATE UNIQUE INDEX "LONNIE"."PK_MenuItems" ON "LONNIE"."MenuItems" ("MenuItemID") 
  PCTFREE 10 INITRANS 2 MAXTRANS 255 
  STORAGE(INITIAL 65536 NEXT 1048576 MINEXTENTS 1 MAXEXTENTS 2147483645
  PCTINCREASE 0 FREELISTS 1 FREELIST GROUPS 1 BUFFER_POOL DEFAULT FLASH_CACHE DEFAULT CELL_FLASH_CACHE DEFAULT)
  TABLESPACE "SYSTEM" ;
--------------------------------------------------------
--  DDL for Index PK_MenuSpecs
--------------------------------------------------------

  CREATE UNIQUE INDEX "LONNIE"."PK_MenuSpecs" ON "LONNIE"."MenuSpecs" ("MenuSpecID") 
  PCTFREE 10 INITRANS 2 MAXTRANS 255 
  STORAGE(INITIAL 65536 NEXT 1048576 MINEXTENTS 1 MAXEXTENTS 2147483645
  PCTINCREASE 0 FREELISTS 1 FREELIST GROUPS 1 BUFFER_POOL DEFAULT FLASH_CACHE DEFAULT CELL_FLASH_CACHE DEFAULT)
  TABLESPACE "SYSTEM" ;
--------------------------------------------------------
--  DDL for Index PK_Quantities
--------------------------------------------------------

  CREATE UNIQUE INDEX "LONNIE"."PK_Quantities" ON "LONNIE"."Quantities" ("QuantityID") 
  PCTFREE 10 INITRANS 2 MAXTRANS 255 
  STORAGE(INITIAL 65536 NEXT 1048576 MINEXTENTS 1 MAXEXTENTS 2147483645
  PCTINCREASE 0 FREELISTS 1 FREELIST GROUPS 1 BUFFER_POOL DEFAULT FLASH_CACHE DEFAULT CELL_FLASH_CACHE DEFAULT)
  TABLESPACE "SYSTEM" ;
--------------------------------------------------------
--  DDL for Index PK_Recipe
--------------------------------------------------------

  CREATE UNIQUE INDEX "LONNIE"."PK_Recipe" ON "LONNIE"."Recipe" ("RecipeID") 
  PCTFREE 10 INITRANS 2 MAXTRANS 255 
  STORAGE(INITIAL 65536 NEXT 1048576 MINEXTENTS 1 MAXEXTENTS 2147483645
  PCTINCREASE 0 FREELISTS 1 FREELIST GROUPS 1 BUFFER_POOL DEFAULT FLASH_CACHE DEFAULT CELL_FLASH_CACHE DEFAULT)
  TABLESPACE "SYSTEM" ;
--------------------------------------------------------
--  DDL for Index PK_RecipeIngreds
--------------------------------------------------------

  CREATE UNIQUE INDEX "LONNIE"."PK_RecipeIngreds" ON "LONNIE"."RecipeIngreds" ("RecipeID", "IngredID") 
  PCTFREE 10 INITRANS 2 MAXTRANS 255 
  STORAGE(INITIAL 65536 NEXT 1048576 MINEXTENTS 1 MAXEXTENTS 2147483645
  PCTINCREASE 0 FREELISTS 1 FREELIST GROUPS 1 BUFFER_POOL DEFAULT FLASH_CACHE DEFAULT CELL_FLASH_CACHE DEFAULT)
  TABLESPACE "SYSTEM" ;
--------------------------------------------------------
--  DDL for Index PK_RefrigIngreds
--------------------------------------------------------

  CREATE UNIQUE INDEX "LONNIE"."PK_RefrigIngreds" ON "LONNIE"."RefrigIngreds" ("RefrigIngredID") 
  PCTFREE 10 INITRANS 2 MAXTRANS 255 
  STORAGE(INITIAL 65536 NEXT 1048576 MINEXTENTS 1 MAXEXTENTS 2147483645
  PCTINCREASE 0 FREELISTS 1 FREELIST GROUPS 1 BUFFER_POOL DEFAULT FLASH_CACHE DEFAULT CELL_FLASH_CACHE DEFAULT)
  TABLESPACE "SYSTEM" ;
--------------------------------------------------------
--  DDL for Index PK_Refrigs
--------------------------------------------------------

  CREATE UNIQUE INDEX "LONNIE"."PK_Refrigs" ON "LONNIE"."Refrigs" ("RefrigID") 
  PCTFREE 10 INITRANS 2 MAXTRANS 255 
  STORAGE(INITIAL 65536 NEXT 1048576 MINEXTENTS 1 MAXEXTENTS 2147483645
  PCTINCREASE 0 FREELISTS 1 FREELIST GROUPS 1 BUFFER_POOL DEFAULT FLASH_CACHE DEFAULT CELL_FLASH_CACHE DEFAULT)
  TABLESPACE "SYSTEM" ;
--------------------------------------------------------
--  DDL for Index PK_TblChairSchemas
--------------------------------------------------------

  CREATE UNIQUE INDEX "LONNIE"."PK_TblChairSchemas" ON "LONNIE"."TblChairSchemas" ("DTblID", "TblCustChairID") 
  PCTFREE 10 INITRANS 2 MAXTRANS 255 
  STORAGE(INITIAL 65536 NEXT 1048576 MINEXTENTS 1 MAXEXTENTS 2147483645
  PCTINCREASE 0 FREELISTS 1 FREELIST GROUPS 1 BUFFER_POOL DEFAULT FLASH_CACHE DEFAULT CELL_FLASH_CACHE DEFAULT)
  TABLESPACE "SYSTEM" ;
--------------------------------------------------------
--  DDL for Index PK_TblCustChair
--------------------------------------------------------

  CREATE UNIQUE INDEX "LONNIE"."PK_TblCustChair" ON "LONNIE"."TblCustChair" ("TblCustChairID") 
  PCTFREE 10 INITRANS 2 MAXTRANS 255 
  STORAGE(INITIAL 65536 NEXT 1048576 MINEXTENTS 1 MAXEXTENTS 2147483645
  PCTINCREASE 0 FREELISTS 1 FREELIST GROUPS 1 BUFFER_POOL DEFAULT FLASH_CACHE DEFAULT CELL_FLASH_CACHE DEFAULT)
  TABLESPACE "SYSTEM" ;
--------------------------------------------------------
--  DDL for Index PK_Tickets
--------------------------------------------------------

  CREATE UNIQUE INDEX "LONNIE"."PK_Tickets" ON "LONNIE"."Tickets" ("TicketID") 
  PCTFREE 10 INITRANS 2 MAXTRANS 255 
  STORAGE(INITIAL 65536 NEXT 1048576 MINEXTENTS 1 MAXEXTENTS 2147483645
  PCTINCREASE 0 FREELISTS 1 FREELIST GROUPS 1 BUFFER_POOL DEFAULT FLASH_CACHE DEFAULT CELL_FLASH_CACHE DEFAULT)
  TABLESPACE "SYSTEM" ;
--------------------------------------------------------
--  DDL for Index PK_WorkArea
--------------------------------------------------------

  CREATE UNIQUE INDEX "LONNIE"."PK_WorkArea" ON "LONNIE"."WorkArea" ("WorkAreaID") 
  PCTFREE 10 INITRANS 2 MAXTRANS 255 
  STORAGE(INITIAL 65536 NEXT 1048576 MINEXTENTS 1 MAXEXTENTS 2147483645
  PCTINCREASE 0 FREELISTS 1 FREELIST GROUPS 1 BUFFER_POOL DEFAULT FLASH_CACHE DEFAULT CELL_FLASH_CACHE DEFAULT)
  TABLESPACE "SYSTEM" ;
--------------------------------------------------------
--  DDL for Index PK_WorkAreaIngreds
--------------------------------------------------------

  CREATE UNIQUE INDEX "LONNIE"."PK_WorkAreaIngreds" ON "LONNIE"."WorkAreaIngreds" ("WorkAreaIngredID") 
  PCTFREE 10 INITRANS 2 MAXTRANS 255 
  STORAGE(INITIAL 65536 NEXT 1048576 MINEXTENTS 1 MAXEXTENTS 2147483645
  PCTINCREASE 0 FREELISTS 1 FREELIST GROUPS 1 BUFFER_POOL DEFAULT FLASH_CACHE DEFAULT CELL_FLASH_CACHE DEFAULT)
  TABLESPACE "SYSTEM" ;
--------------------------------------------------------
--  DDL for Index PK_WorkAreaTools
--------------------------------------------------------

  CREATE UNIQUE INDEX "LONNIE"."PK_WorkAreaTools" ON "LONNIE"."WorkAreaTools" ("WorkAreaToolID") 
  PCTFREE 10 INITRANS 2 MAXTRANS 255 
  STORAGE(INITIAL 65536 NEXT 1048576 MINEXTENTS 1 MAXEXTENTS 2147483645
  PCTINCREASE 0 FREELISTS 1 FREELIST GROUPS 1 BUFFER_POOL DEFAULT FLASH_CACHE DEFAULT CELL_FLASH_CACHE DEFAULT)
  TABLESPACE "SYSTEM" ;
--------------------------------------------------------
--  DDL for Index PK___MigrationHistory
--------------------------------------------------------

  CREATE UNIQUE INDEX "LONNIE"."PK___MigrationHistory" ON "LONNIE"."__MigrationHistory" ("MigrationId", "ContextKey") 
  PCTFREE 10 INITRANS 2 MAXTRANS 255 
  STORAGE(INITIAL 65536 NEXT 1048576 MINEXTENTS 1 MAXEXTENTS 2147483645
  PCTINCREASE 0 FREELISTS 1 FREELIST GROUPS 1 BUFFER_POOL DEFAULT FLASH_CACHE DEFAULT CELL_FLASH_CACHE DEFAULT)
  TABLESPACE "SYSTEM" ;
--------------------------------------------------------
--  Constraints for Table CookStat
--------------------------------------------------------

  ALTER TABLE "LONNIE"."CookStat" ADD CONSTRAINT "PK_CookStat" PRIMARY KEY ("CookStatID")
  USING INDEX PCTFREE 10 INITRANS 2 MAXTRANS 255 
  STORAGE(INITIAL 65536 NEXT 1048576 MINEXTENTS 1 MAXEXTENTS 2147483645
  PCTINCREASE 0 FREELISTS 1 FREELIST GROUPS 1 BUFFER_POOL DEFAULT FLASH_CACHE DEFAULT CELL_FLASH_CACHE DEFAULT)
  TABLESPACE "SYSTEM"  ENABLE;
  ALTER TABLE "LONNIE"."CookStat" MODIFY ("WorkAreaID" NOT NULL ENABLE);
  ALTER TABLE "LONNIE"."CookStat" MODIFY ("RefrigID" NOT NULL ENABLE);
  ALTER TABLE "LONNIE"."CookStat" MODIFY ("CookStatID" NOT NULL ENABLE);
--------------------------------------------------------
--  Constraints for Table CookStatKitTools
--------------------------------------------------------

  ALTER TABLE "LONNIE"."CookStatKitTools" ADD CONSTRAINT "PK_CookStatKitTools" PRIMARY KEY ("CookStatID", "KitToolID")
  USING INDEX PCTFREE 10 INITRANS 2 MAXTRANS 255 
  STORAGE(INITIAL 65536 NEXT 1048576 MINEXTENTS 1 MAXEXTENTS 2147483645
  PCTINCREASE 0 FREELISTS 1 FREELIST GROUPS 1 BUFFER_POOL DEFAULT FLASH_CACHE DEFAULT CELL_FLASH_CACHE DEFAULT)
  TABLESPACE "SYSTEM"  ENABLE;
  ALTER TABLE "LONNIE"."CookStatKitTools" MODIFY ("KitToolID" NOT NULL ENABLE);
  ALTER TABLE "LONNIE"."CookStatKitTools" MODIFY ("CookStatID" NOT NULL ENABLE);
--------------------------------------------------------
--  Constraints for Table CookStatTools
--------------------------------------------------------

  ALTER TABLE "LONNIE"."CookStatTools" ADD CONSTRAINT "PK_CookStatTools" PRIMARY KEY ("CookStatToolID")
  USING INDEX PCTFREE 10 INITRANS 2 MAXTRANS 255 
  STORAGE(INITIAL 65536 NEXT 1048576 MINEXTENTS 1 MAXEXTENTS 2147483645
  PCTINCREASE 0 FREELISTS 1 FREELIST GROUPS 1 BUFFER_POOL DEFAULT FLASH_CACHE DEFAULT CELL_FLASH_CACHE DEFAULT)
  TABLESPACE "SYSTEM"  ENABLE;
  ALTER TABLE "LONNIE"."CookStatTools" MODIFY ("CookStatToolID" NOT NULL ENABLE);
--------------------------------------------------------
--  Constraints for Table CookingStation
--------------------------------------------------------

  ALTER TABLE "LONNIE"."CookingStation" ADD CONSTRAINT "PK_CookingStation" PRIMARY KEY ("CookingStationID")
  USING INDEX PCTFREE 10 INITRANS 2 MAXTRANS 255 
  STORAGE(INITIAL 65536 NEXT 1048576 MINEXTENTS 1 MAXEXTENTS 2147483645
  PCTINCREASE 0 FREELISTS 1 FREELIST GROUPS 1 BUFFER_POOL DEFAULT FLASH_CACHE DEFAULT CELL_FLASH_CACHE DEFAULT)
  TABLESPACE "SYSTEM"  ENABLE;
  ALTER TABLE "LONNIE"."CookingStation" MODIFY ("WorkAreaID" NOT NULL ENABLE);
  ALTER TABLE "LONNIE"."CookingStation" MODIFY ("RefrigeratorID" NOT NULL ENABLE);
  ALTER TABLE "LONNIE"."CookingStation" MODIFY ("CookingStationID" NOT NULL ENABLE);
--------------------------------------------------------
--  Constraints for Table CookingStationKitchenTools
--------------------------------------------------------

  ALTER TABLE "LONNIE"."CookingStationKitchenTools" ADD CONSTRAINT "PK_CookingStationKitchenTools" PRIMARY KEY ("CookingStationID", "KitchenToolID")
  USING INDEX PCTFREE 10 INITRANS 2 MAXTRANS 255 
  STORAGE(INITIAL 65536 NEXT 1048576 MINEXTENTS 1 MAXEXTENTS 2147483645
  PCTINCREASE 0 FREELISTS 1 FREELIST GROUPS 1 BUFFER_POOL DEFAULT FLASH_CACHE DEFAULT CELL_FLASH_CACHE DEFAULT)
  TABLESPACE "SYSTEM"  ENABLE;
  ALTER TABLE "LONNIE"."CookingStationKitchenTools" MODIFY ("KitchenToolID" NOT NULL ENABLE);
  ALTER TABLE "LONNIE"."CookingStationKitchenTools" MODIFY ("CookingStationID" NOT NULL ENABLE);
--------------------------------------------------------
--  Constraints for Table Custs
--------------------------------------------------------

  ALTER TABLE "LONNIE"."Custs" ADD CONSTRAINT "PK_Custs" PRIMARY KEY ("CustID")
  USING INDEX PCTFREE 10 INITRANS 2 MAXTRANS 255 
  STORAGE(INITIAL 65536 NEXT 1048576 MINEXTENTS 1 MAXEXTENTS 2147483645
  PCTINCREASE 0 FREELISTS 1 FREELIST GROUPS 1 BUFFER_POOL DEFAULT FLASH_CACHE DEFAULT CELL_FLASH_CACHE DEFAULT)
  TABLESPACE "SYSTEM"  ENABLE;
  ALTER TABLE "LONNIE"."Custs" MODIFY ("PaymentMethod" NOT NULL ENABLE);
  ALTER TABLE "LONNIE"."Custs" MODIFY ("PayingCust" NOT NULL ENABLE);
  ALTER TABLE "LONNIE"."Custs" MODIFY ("CustID" NOT NULL ENABLE);
--------------------------------------------------------
--  Constraints for Table DTbl
--------------------------------------------------------

  ALTER TABLE "LONNIE"."DTbl" ADD CONSTRAINT "PK_DTbl" PRIMARY KEY ("DTblID")
  USING INDEX PCTFREE 10 INITRANS 2 MAXTRANS 255 
  STORAGE(INITIAL 65536 NEXT 1048576 MINEXTENTS 1 MAXEXTENTS 2147483645
  PCTINCREASE 0 FREELISTS 1 FREELIST GROUPS 1 BUFFER_POOL DEFAULT FLASH_CACHE DEFAULT CELL_FLASH_CACHE DEFAULT)
  TABLESPACE "SYSTEM"  ENABLE;
  ALTER TABLE "LONNIE"."DTbl" MODIFY ("TicketID" NOT NULL ENABLE);
  ALTER TABLE "LONNIE"."DTbl" MODIFY ("ChairCount" NOT NULL ENABLE);
  ALTER TABLE "LONNIE"."DTbl" MODIFY ("DTblID" NOT NULL ENABLE);
--------------------------------------------------------
--  Constraints for Table Emps
--------------------------------------------------------

  ALTER TABLE "LONNIE"."Emps" ADD CONSTRAINT "PK_Emps" PRIMARY KEY ("EmpID")
  USING INDEX PCTFREE 10 INITRANS 2 MAXTRANS 255 
  STORAGE(INITIAL 65536 NEXT 1048576 MINEXTENTS 1 MAXEXTENTS 2147483645
  PCTINCREASE 0 FREELISTS 1 FREELIST GROUPS 1 BUFFER_POOL DEFAULT FLASH_CACHE DEFAULT CELL_FLASH_CACHE DEFAULT)
  TABLESPACE "SYSTEM"  ENABLE;
  ALTER TABLE "LONNIE"."Emps" MODIFY ("JobTitleID" NOT NULL ENABLE);
  ALTER TABLE "LONNIE"."Emps" MODIFY ("Weight" NOT NULL ENABLE);
  ALTER TABLE "LONNIE"."Emps" MODIFY ("HeightID" NOT NULL ENABLE);
  ALTER TABLE "LONNIE"."Emps" MODIFY ("EmpID" NOT NULL ENABLE);
--------------------------------------------------------
--  Constraints for Table Heights
--------------------------------------------------------

  ALTER TABLE "LONNIE"."Heights" ADD CONSTRAINT "PK_Heights" PRIMARY KEY ("HeightID")
  USING INDEX PCTFREE 10 INITRANS 2 MAXTRANS 255 
  STORAGE(INITIAL 65536 NEXT 1048576 MINEXTENTS 1 MAXEXTENTS 2147483645
  PCTINCREASE 0 FREELISTS 1 FREELIST GROUPS 1 BUFFER_POOL DEFAULT FLASH_CACHE DEFAULT CELL_FLASH_CACHE DEFAULT)
  TABLESPACE "SYSTEM"  ENABLE;
  ALTER TABLE "LONNIE"."Heights" MODIFY ("inches" NOT NULL ENABLE);
  ALTER TABLE "LONNIE"."Heights" MODIFY ("feet" NOT NULL ENABLE);
  ALTER TABLE "LONNIE"."Heights" MODIFY ("HeightID" NOT NULL ENABLE);
--------------------------------------------------------
--  Constraints for Table Ingred
--------------------------------------------------------

  ALTER TABLE "LONNIE"."Ingred" ADD CONSTRAINT "PK_Ingred" PRIMARY KEY ("IngredID")
  USING INDEX PCTFREE 10 INITRANS 2 MAXTRANS 255 
  STORAGE(INITIAL 65536 NEXT 1048576 MINEXTENTS 1 MAXEXTENTS 2147483645
  PCTINCREASE 0 FREELISTS 1 FREELIST GROUPS 1 BUFFER_POOL DEFAULT FLASH_CACHE DEFAULT CELL_FLASH_CACHE DEFAULT)
  TABLESPACE "SYSTEM"  ENABLE;
  ALTER TABLE "LONNIE"."Ingred" MODIFY ("Weight" NOT NULL ENABLE);
  ALTER TABLE "LONNIE"."Ingred" MODIFY ("Derivative" NOT NULL ENABLE);
  ALTER TABLE "LONNIE"."Ingred" MODIFY ("Amount" NOT NULL ENABLE);
  ALTER TABLE "LONNIE"."Ingred" MODIFY ("QuantityID" NOT NULL ENABLE);
  ALTER TABLE "LONNIE"."Ingred" MODIFY ("IngredID" NOT NULL ENABLE);
--------------------------------------------------------
--  Constraints for Table IngredMaxes
--------------------------------------------------------

  ALTER TABLE "LONNIE"."IngredMaxes" ADD CONSTRAINT "PK_IngredMaxes" PRIMARY KEY ("IngredMaxID")
  USING INDEX PCTFREE 10 INITRANS 2 MAXTRANS 255 
  STORAGE(INITIAL 65536 NEXT 1048576 MINEXTENTS 1 MAXEXTENTS 2147483645
  PCTINCREASE 0 FREELISTS 1 FREELIST GROUPS 1 BUFFER_POOL DEFAULT FLASH_CACHE DEFAULT CELL_FLASH_CACHE DEFAULT)
  TABLESPACE "SYSTEM"  ENABLE;
  ALTER TABLE "LONNIE"."IngredMaxes" MODIFY ("Weight" NOT NULL ENABLE);
  ALTER TABLE "LONNIE"."IngredMaxes" MODIFY ("Derivative" NOT NULL ENABLE);
  ALTER TABLE "LONNIE"."IngredMaxes" MODIFY ("Amount" NOT NULL ENABLE);
  ALTER TABLE "LONNIE"."IngredMaxes" MODIFY ("IngredMaxID" NOT NULL ENABLE);
--------------------------------------------------------
--  Constraints for Table IngredPars
--------------------------------------------------------

  ALTER TABLE "LONNIE"."IngredPars" ADD CONSTRAINT "PK_IngredPars" PRIMARY KEY ("IngredParID")
  USING INDEX PCTFREE 10 INITRANS 2 MAXTRANS 255 
  STORAGE(INITIAL 65536 NEXT 1048576 MINEXTENTS 1 MAXEXTENTS 2147483645
  PCTINCREASE 0 FREELISTS 1 FREELIST GROUPS 1 BUFFER_POOL DEFAULT FLASH_CACHE DEFAULT CELL_FLASH_CACHE DEFAULT)
  TABLESPACE "SYSTEM"  ENABLE;
  ALTER TABLE "LONNIE"."IngredPars" MODIFY ("Weight" NOT NULL ENABLE);
  ALTER TABLE "LONNIE"."IngredPars" MODIFY ("Derivative" NOT NULL ENABLE);
  ALTER TABLE "LONNIE"."IngredPars" MODIFY ("Amount" NOT NULL ENABLE);
  ALTER TABLE "LONNIE"."IngredPars" MODIFY ("IngredParID" NOT NULL ENABLE);
--------------------------------------------------------
--  Constraints for Table JobTitles
--------------------------------------------------------

  ALTER TABLE "LONNIE"."JobTitles" ADD CONSTRAINT "PK_JobTitles" PRIMARY KEY ("JobTitleID")
  USING INDEX PCTFREE 10 INITRANS 2 MAXTRANS 255 
  STORAGE(INITIAL 65536 NEXT 1048576 MINEXTENTS 1 MAXEXTENTS 2147483645
  PCTINCREASE 0 FREELISTS 1 FREELIST GROUPS 1 BUFFER_POOL DEFAULT FLASH_CACHE DEFAULT CELL_FLASH_CACHE DEFAULT)
  TABLESPACE "SYSTEM"  ENABLE;
  ALTER TABLE "LONNIE"."JobTitles" MODIFY ("CookStatID" NOT NULL ENABLE);
  ALTER TABLE "LONNIE"."JobTitles" MODIFY ("JobTitleID" NOT NULL ENABLE);
--------------------------------------------------------
--  Constraints for Table KitTool
--------------------------------------------------------

  ALTER TABLE "LONNIE"."KitTool" ADD CONSTRAINT "PK_KitTool" PRIMARY KEY ("KitToolID")
  USING INDEX PCTFREE 10 INITRANS 2 MAXTRANS 255 
  STORAGE(INITIAL 65536 NEXT 1048576 MINEXTENTS 1 MAXEXTENTS 2147483645
  PCTINCREASE 0 FREELISTS 1 FREELIST GROUPS 1 BUFFER_POOL DEFAULT FLASH_CACHE DEFAULT CELL_FLASH_CACHE DEFAULT)
  TABLESPACE "SYSTEM"  ENABLE;
  ALTER TABLE "LONNIE"."KitTool" MODIFY ("KitToolID" NOT NULL ENABLE);
--------------------------------------------------------
--  Constraints for Table MenuItems
--------------------------------------------------------

  ALTER TABLE "LONNIE"."MenuItems" ADD CONSTRAINT "PK_MenuItems" PRIMARY KEY ("MenuItemID")
  USING INDEX PCTFREE 10 INITRANS 2 MAXTRANS 255 
  STORAGE(INITIAL 65536 NEXT 1048576 MINEXTENTS 1 MAXEXTENTS 2147483645
  PCTINCREASE 0 FREELISTS 1 FREELIST GROUPS 1 BUFFER_POOL DEFAULT FLASH_CACHE DEFAULT CELL_FLASH_CACHE DEFAULT)
  TABLESPACE "SYSTEM"  ENABLE;
  ALTER TABLE "LONNIE"."MenuItems" MODIFY ("MenuItemPrice" NOT NULL ENABLE);
  ALTER TABLE "LONNIE"."MenuItems" MODIFY ("MenuItemID" NOT NULL ENABLE);
--------------------------------------------------------
--  Constraints for Table MenuSpecs
--------------------------------------------------------

  ALTER TABLE "LONNIE"."MenuSpecs" ADD CONSTRAINT "PK_MenuSpecs" PRIMARY KEY ("MenuSpecID")
  USING INDEX PCTFREE 10 INITRANS 2 MAXTRANS 255 
  STORAGE(INITIAL 65536 NEXT 1048576 MINEXTENTS 1 MAXEXTENTS 2147483645
  PCTINCREASE 0 FREELISTS 1 FREELIST GROUPS 1 BUFFER_POOL DEFAULT FLASH_CACHE DEFAULT CELL_FLASH_CACHE DEFAULT)
  TABLESPACE "SYSTEM"  ENABLE;
  ALTER TABLE "LONNIE"."MenuSpecs" MODIFY ("CookStatID" NOT NULL ENABLE);
  ALTER TABLE "LONNIE"."MenuSpecs" MODIFY ("MenuItemID" NOT NULL ENABLE);
  ALTER TABLE "LONNIE"."MenuSpecs" MODIFY ("MenuSpecID" NOT NULL ENABLE);
--------------------------------------------------------
--  Constraints for Table Quantities
--------------------------------------------------------

  ALTER TABLE "LONNIE"."Quantities" ADD CONSTRAINT "PK_Quantities" PRIMARY KEY ("QuantityID")
  USING INDEX PCTFREE 10 INITRANS 2 MAXTRANS 255 
  STORAGE(INITIAL 65536 NEXT 1048576 MINEXTENTS 1 MAXEXTENTS 2147483645
  PCTINCREASE 0 FREELISTS 1 FREELIST GROUPS 1 BUFFER_POOL DEFAULT FLASH_CACHE DEFAULT CELL_FLASH_CACHE DEFAULT)
  TABLESPACE "SYSTEM"  ENABLE;
  ALTER TABLE "LONNIE"."Quantities" MODIFY ("Weight" NOT NULL ENABLE);
  ALTER TABLE "LONNIE"."Quantities" MODIFY ("Derivative" NOT NULL ENABLE);
  ALTER TABLE "LONNIE"."Quantities" MODIFY ("Amount" NOT NULL ENABLE);
  ALTER TABLE "LONNIE"."Quantities" MODIFY ("QuantityID" NOT NULL ENABLE);
--------------------------------------------------------
--  Constraints for Table Recipe
--------------------------------------------------------

  ALTER TABLE "LONNIE"."Recipe" ADD CONSTRAINT "PK_Recipe" PRIMARY KEY ("RecipeID")
  USING INDEX PCTFREE 10 INITRANS 2 MAXTRANS 255 
  STORAGE(INITIAL 65536 NEXT 1048576 MINEXTENTS 1 MAXEXTENTS 2147483645
  PCTINCREASE 0 FREELISTS 1 FREELIST GROUPS 1 BUFFER_POOL DEFAULT FLASH_CACHE DEFAULT CELL_FLASH_CACHE DEFAULT)
  TABLESPACE "SYSTEM"  ENABLE;
  ALTER TABLE "LONNIE"."Recipe" MODIFY ("CookStatID" NOT NULL ENABLE);
  ALTER TABLE "LONNIE"."Recipe" MODIFY ("MenuItemID" NOT NULL ENABLE);
  ALTER TABLE "LONNIE"."Recipe" MODIFY ("RecipeID" NOT NULL ENABLE);
--------------------------------------------------------
--  Constraints for Table RecipeIngreds
--------------------------------------------------------

  ALTER TABLE "LONNIE"."RecipeIngreds" ADD CONSTRAINT "PK_RecipeIngreds" PRIMARY KEY ("RecipeID", "IngredID")
  USING INDEX PCTFREE 10 INITRANS 2 MAXTRANS 255 
  STORAGE(INITIAL 65536 NEXT 1048576 MINEXTENTS 1 MAXEXTENTS 2147483645
  PCTINCREASE 0 FREELISTS 1 FREELIST GROUPS 1 BUFFER_POOL DEFAULT FLASH_CACHE DEFAULT CELL_FLASH_CACHE DEFAULT)
  TABLESPACE "SYSTEM"  ENABLE;
  ALTER TABLE "LONNIE"."RecipeIngreds" MODIFY ("IngredID" NOT NULL ENABLE);
  ALTER TABLE "LONNIE"."RecipeIngreds" MODIFY ("RecipeID" NOT NULL ENABLE);
--------------------------------------------------------
--  Constraints for Table RefrigIngreds
--------------------------------------------------------

  ALTER TABLE "LONNIE"."RefrigIngreds" ADD CONSTRAINT "PK_RefrigIngreds" PRIMARY KEY ("RefrigIngredID")
  USING INDEX PCTFREE 10 INITRANS 2 MAXTRANS 255 
  STORAGE(INITIAL 65536 NEXT 1048576 MINEXTENTS 1 MAXEXTENTS 2147483645
  PCTINCREASE 0 FREELISTS 1 FREELIST GROUPS 1 BUFFER_POOL DEFAULT FLASH_CACHE DEFAULT CELL_FLASH_CACHE DEFAULT)
  TABLESPACE "SYSTEM"  ENABLE;
  ALTER TABLE "LONNIE"."RefrigIngreds" MODIFY ("IngredMaxID" NOT NULL ENABLE);
  ALTER TABLE "LONNIE"."RefrigIngreds" MODIFY ("IngredParID" NOT NULL ENABLE);
  ALTER TABLE "LONNIE"."RefrigIngreds" MODIFY ("RefrigIngredID" NOT NULL ENABLE);
--------------------------------------------------------
--  Constraints for Table Refrigs
--------------------------------------------------------

  ALTER TABLE "LONNIE"."Refrigs" ADD CONSTRAINT "PK_Refrigs" PRIMARY KEY ("RefrigID")
  USING INDEX PCTFREE 10 INITRANS 2 MAXTRANS 255 
  STORAGE(INITIAL 65536 NEXT 1048576 MINEXTENTS 1 MAXEXTENTS 2147483645
  PCTINCREASE 0 FREELISTS 1 FREELIST GROUPS 1 BUFFER_POOL DEFAULT FLASH_CACHE DEFAULT CELL_FLASH_CACHE DEFAULT)
  TABLESPACE "SYSTEM"  ENABLE;
  ALTER TABLE "LONNIE"."Refrigs" MODIFY ("RefrigID" NOT NULL ENABLE);
--------------------------------------------------------
--  Constraints for Table TblChairSchemas
--------------------------------------------------------

  ALTER TABLE "LONNIE"."TblChairSchemas" ADD CONSTRAINT "PK_TblChairSchemas" PRIMARY KEY ("DTblID", "TblCustChairID")
  USING INDEX PCTFREE 10 INITRANS 2 MAXTRANS 255 
  STORAGE(INITIAL 65536 NEXT 1048576 MINEXTENTS 1 MAXEXTENTS 2147483645
  PCTINCREASE 0 FREELISTS 1 FREELIST GROUPS 1 BUFFER_POOL DEFAULT FLASH_CACHE DEFAULT CELL_FLASH_CACHE DEFAULT)
  TABLESPACE "SYSTEM"  ENABLE;
  ALTER TABLE "LONNIE"."TblChairSchemas" MODIFY ("TblCustChairID" NOT NULL ENABLE);
  ALTER TABLE "LONNIE"."TblChairSchemas" MODIFY ("DTblID" NOT NULL ENABLE);
--------------------------------------------------------
--  Constraints for Table TblCustChair
--------------------------------------------------------

  ALTER TABLE "LONNIE"."TblCustChair" ADD CONSTRAINT "PK_TblCustChair" PRIMARY KEY ("TblCustChairID")
  USING INDEX PCTFREE 10 INITRANS 2 MAXTRANS 255 
  STORAGE(INITIAL 65536 NEXT 1048576 MINEXTENTS 1 MAXEXTENTS 2147483645
  PCTINCREASE 0 FREELISTS 1 FREELIST GROUPS 1 BUFFER_POOL DEFAULT FLASH_CACHE DEFAULT CELL_FLASH_CACHE DEFAULT)
  TABLESPACE "SYSTEM"  ENABLE;
  ALTER TABLE "LONNIE"."TblCustChair" MODIFY ("MenuSpecID" NOT NULL ENABLE);
  ALTER TABLE "LONNIE"."TblCustChair" MODIFY ("CustID" NOT NULL ENABLE);
  ALTER TABLE "LONNIE"."TblCustChair" MODIFY ("DTblID" NOT NULL ENABLE);
  ALTER TABLE "LONNIE"."TblCustChair" MODIFY ("TblCustChairID" NOT NULL ENABLE);
--------------------------------------------------------
--  Constraints for Table Tickets
--------------------------------------------------------

  ALTER TABLE "LONNIE"."Tickets" ADD CONSTRAINT "PK_Tickets" PRIMARY KEY ("TicketID")
  USING INDEX PCTFREE 10 INITRANS 2 MAXTRANS 255 
  STORAGE(INITIAL 65536 NEXT 1048576 MINEXTENTS 1 MAXEXTENTS 2147483645
  PCTINCREASE 0 FREELISTS 1 FREELIST GROUPS 1 BUFFER_POOL DEFAULT FLASH_CACHE DEFAULT CELL_FLASH_CACHE DEFAULT)
  TABLESPACE "SYSTEM"  ENABLE;
  ALTER TABLE "LONNIE"."Tickets" MODIFY ("EmpID" NOT NULL ENABLE);
  ALTER TABLE "LONNIE"."Tickets" MODIFY ("TimeSubmitted" NOT NULL ENABLE);
  ALTER TABLE "LONNIE"."Tickets" MODIFY ("MenuSpecID" NOT NULL ENABLE);
  ALTER TABLE "LONNIE"."Tickets" MODIFY ("DTblID" NOT NULL ENABLE);
  ALTER TABLE "LONNIE"."Tickets" MODIFY ("TblCustChairID" NOT NULL ENABLE);
  ALTER TABLE "LONNIE"."Tickets" MODIFY ("TicketID" NOT NULL ENABLE);
--------------------------------------------------------
--  Constraints for Table WorkArea
--------------------------------------------------------

  ALTER TABLE "LONNIE"."WorkArea" ADD CONSTRAINT "PK_WorkArea" PRIMARY KEY ("WorkAreaID")
  USING INDEX PCTFREE 10 INITRANS 2 MAXTRANS 255 
  STORAGE(INITIAL 65536 NEXT 1048576 MINEXTENTS 1 MAXEXTENTS 2147483645
  PCTINCREASE 0 FREELISTS 1 FREELIST GROUPS 1 BUFFER_POOL DEFAULT FLASH_CACHE DEFAULT CELL_FLASH_CACHE DEFAULT)
  TABLESPACE "SYSTEM"  ENABLE;
  ALTER TABLE "LONNIE"."WorkArea" MODIFY ("WorkAreaID" NOT NULL ENABLE);
--------------------------------------------------------
--  Constraints for Table WorkAreaIngreds
--------------------------------------------------------

  ALTER TABLE "LONNIE"."WorkAreaIngreds" ADD CONSTRAINT "PK_WorkAreaIngreds" PRIMARY KEY ("WorkAreaIngredID")
  USING INDEX PCTFREE 10 INITRANS 2 MAXTRANS 255 
  STORAGE(INITIAL 65536 NEXT 1048576 MINEXTENTS 1 MAXEXTENTS 2147483645
  PCTINCREASE 0 FREELISTS 1 FREELIST GROUPS 1 BUFFER_POOL DEFAULT FLASH_CACHE DEFAULT CELL_FLASH_CACHE DEFAULT)
  TABLESPACE "SYSTEM"  ENABLE;
  ALTER TABLE "LONNIE"."WorkAreaIngreds" MODIFY ("IngredMaxID" NOT NULL ENABLE);
  ALTER TABLE "LONNIE"."WorkAreaIngreds" MODIFY ("IngredParID" NOT NULL ENABLE);
  ALTER TABLE "LONNIE"."WorkAreaIngreds" MODIFY ("WorkAreaIngredID" NOT NULL ENABLE);
--------------------------------------------------------
--  Constraints for Table WorkAreaTools
--------------------------------------------------------

  ALTER TABLE "LONNIE"."WorkAreaTools" ADD CONSTRAINT "PK_WorkAreaTools" PRIMARY KEY ("WorkAreaToolID")
  USING INDEX PCTFREE 10 INITRANS 2 MAXTRANS 255 
  STORAGE(INITIAL 65536 NEXT 1048576 MINEXTENTS 1 MAXEXTENTS 2147483645
  PCTINCREASE 0 FREELISTS 1 FREELIST GROUPS 1 BUFFER_POOL DEFAULT FLASH_CACHE DEFAULT CELL_FLASH_CACHE DEFAULT)
  TABLESPACE "SYSTEM"  ENABLE;
  ALTER TABLE "LONNIE"."WorkAreaTools" MODIFY ("WorkAreaToolID" NOT NULL ENABLE);
--------------------------------------------------------
--  Constraints for Table __MigrationHistory
--------------------------------------------------------

  ALTER TABLE "LONNIE"."__MigrationHistory" ADD CONSTRAINT "PK___MigrationHistory" PRIMARY KEY ("MigrationId", "ContextKey")
  USING INDEX PCTFREE 10 INITRANS 2 MAXTRANS 255 
  STORAGE(INITIAL 65536 NEXT 1048576 MINEXTENTS 1 MAXEXTENTS 2147483645
  PCTINCREASE 0 FREELISTS 1 FREELIST GROUPS 1 BUFFER_POOL DEFAULT FLASH_CACHE DEFAULT CELL_FLASH_CACHE DEFAULT)
  TABLESPACE "SYSTEM"  ENABLE;
  ALTER TABLE "LONNIE"."__MigrationHistory" MODIFY ("ProductVersion" NOT NULL ENABLE);
  ALTER TABLE "LONNIE"."__MigrationHistory" MODIFY ("Model" NOT NULL ENABLE);
  ALTER TABLE "LONNIE"."__MigrationHistory" MODIFY ("ContextKey" NOT NULL ENABLE);
  ALTER TABLE "LONNIE"."__MigrationHistory" MODIFY ("MigrationId" NOT NULL ENABLE);
--------------------------------------------------------
--  Ref Constraints for Table CookStatKitTools
--------------------------------------------------------

  ALTER TABLE "LONNIE"."CookStatKitTools" ADD CONSTRAINT "FK_CookStatKitTools_CookStatID" FOREIGN KEY ("CookStatID")
	  REFERENCES "LONNIE"."CookStat" ("CookStatID") ON DELETE CASCADE ENABLE;
  ALTER TABLE "LONNIE"."CookStatKitTools" ADD CONSTRAINT "FK_CookStatKitTools_KitToolID" FOREIGN KEY ("KitToolID")
	  REFERENCES "LONNIE"."KitTool" ("KitToolID") ON DELETE CASCADE ENABLE;
--------------------------------------------------------
--  Ref Constraints for Table CookStatTools
--------------------------------------------------------

  ALTER TABLE "LONNIE"."CookStatTools" ADD CONSTRAINT "FK_CookStatTools_Co_1987832592" FOREIGN KEY ("CookStatToolID")
	  REFERENCES "LONNIE"."KitTool" ("KitToolID") ENABLE;
  ALTER TABLE "LONNIE"."CookStatTools" ADD CONSTRAINT "FK_CookStatTools_Coo_360027266" FOREIGN KEY ("CookStat_CookStatID")
	  REFERENCES "LONNIE"."CookStat" ("CookStatID") ENABLE;
--------------------------------------------------------
--  Ref Constraints for Table Emps
--------------------------------------------------------

  ALTER TABLE "LONNIE"."Emps" ADD CONSTRAINT "FK_Emps_HeightID" FOREIGN KEY ("HeightID")
	  REFERENCES "LONNIE"."Heights" ("HeightID") ON DELETE CASCADE ENABLE;
  ALTER TABLE "LONNIE"."Emps" ADD CONSTRAINT "FK_Emps_JobTitleID" FOREIGN KEY ("JobTitleID")
	  REFERENCES "LONNIE"."JobTitles" ("JobTitleID") ON DELETE CASCADE ENABLE;
--------------------------------------------------------
--  Ref Constraints for Table Ingred
--------------------------------------------------------

  ALTER TABLE "LONNIE"."Ingred" ADD CONSTRAINT "FK_Ingred_MenuItem_MenuItemID" FOREIGN KEY ("MenuItem_MenuItemID")
	  REFERENCES "LONNIE"."MenuItems" ("MenuItemID") ENABLE;
  ALTER TABLE "LONNIE"."Ingred" ADD CONSTRAINT "FK_Ingred_Recipe_RecipeID" FOREIGN KEY ("Recipe_RecipeID")
	  REFERENCES "LONNIE"."Recipe" ("RecipeID") ENABLE;
--------------------------------------------------------
--  Ref Constraints for Table RecipeIngreds
--------------------------------------------------------

  ALTER TABLE "LONNIE"."RecipeIngreds" ADD CONSTRAINT "FK_RecipeIngreds_IngredID" FOREIGN KEY ("IngredID")
	  REFERENCES "LONNIE"."Ingred" ("IngredID") ON DELETE CASCADE ENABLE;
  ALTER TABLE "LONNIE"."RecipeIngreds" ADD CONSTRAINT "FK_RecipeIngreds_RecipeID" FOREIGN KEY ("RecipeID")
	  REFERENCES "LONNIE"."Recipe" ("RecipeID") ON DELETE CASCADE ENABLE;
--------------------------------------------------------
--  Ref Constraints for Table RefrigIngreds
--------------------------------------------------------

  ALTER TABLE "LONNIE"."RefrigIngreds" ADD CONSTRAINT "FK_RefrigIngreds_IngredMaxID" FOREIGN KEY ("IngredMaxID")
	  REFERENCES "LONNIE"."IngredMaxes" ("IngredMaxID") ON DELETE CASCADE ENABLE;
  ALTER TABLE "LONNIE"."RefrigIngreds" ADD CONSTRAINT "FK_RefrigIngreds_IngredParID" FOREIGN KEY ("IngredParID")
	  REFERENCES "LONNIE"."IngredPars" ("IngredParID") ON DELETE CASCADE ENABLE;
  ALTER TABLE "LONNIE"."RefrigIngreds" ADD CONSTRAINT "FK_RefrigIngreds_Re_1761839682" FOREIGN KEY ("RefrigIngredID")
	  REFERENCES "LONNIE"."Ingred" ("IngredID") ENABLE;
  ALTER TABLE "LONNIE"."RefrigIngreds" ADD CONSTRAINT "FK_RefrigIngreds_Re_1854645679" FOREIGN KEY ("Refrig_RefrigID")
	  REFERENCES "LONNIE"."Refrigs" ("RefrigID") ENABLE;
--------------------------------------------------------
--  Ref Constraints for Table TblChairSchemas
--------------------------------------------------------

  ALTER TABLE "LONNIE"."TblChairSchemas" ADD CONSTRAINT "FK_TblChairSchemas_DTblID" FOREIGN KEY ("DTblID")
	  REFERENCES "LONNIE"."DTbl" ("DTblID") ON DELETE CASCADE ENABLE;
  ALTER TABLE "LONNIE"."TblChairSchemas" ADD CONSTRAINT "FK_TblChairSchemas_T_901014822" FOREIGN KEY ("TblCustChairID")
	  REFERENCES "LONNIE"."TblCustChair" ("TblCustChairID") ON DELETE CASCADE ENABLE;
--------------------------------------------------------
--  Ref Constraints for Table WorkAreaIngreds
--------------------------------------------------------

  ALTER TABLE "LONNIE"."WorkAreaIngreds" ADD CONSTRAINT "FK_WorkAreaIngreds_IngredMaxID" FOREIGN KEY ("IngredMaxID")
	  REFERENCES "LONNIE"."IngredMaxes" ("IngredMaxID") ON DELETE CASCADE ENABLE;
  ALTER TABLE "LONNIE"."WorkAreaIngreds" ADD CONSTRAINT "FK_WorkAreaIngreds_IngredParID" FOREIGN KEY ("IngredParID")
	  REFERENCES "LONNIE"."IngredPars" ("IngredParID") ON DELETE CASCADE ENABLE;
  ALTER TABLE "LONNIE"."WorkAreaIngreds" ADD CONSTRAINT "FK_WorkAreaIngreds__1310783777" FOREIGN KEY ("WorkAreaIngredID")
	  REFERENCES "LONNIE"."Ingred" ("IngredID") ENABLE;
  ALTER TABLE "LONNIE"."WorkAreaIngreds" ADD CONSTRAINT "FK_WorkAreaIngreds__2051161851" FOREIGN KEY ("WorkArea_WorkAreaID")
	  REFERENCES "LONNIE"."WorkArea" ("WorkAreaID") ENABLE;
--------------------------------------------------------
--  Ref Constraints for Table WorkAreaTools
--------------------------------------------------------

  ALTER TABLE "LONNIE"."WorkAreaTools" ADD CONSTRAINT "FK_WorkAreaTools_Wo_1209911916" FOREIGN KEY ("WorkAreaToolID")
	  REFERENCES "LONNIE"."KitTool" ("KitToolID") ENABLE;
  ALTER TABLE "LONNIE"."WorkAreaTools" ADD CONSTRAINT "FK_WorkAreaTools_Wo_1958372681" FOREIGN KEY ("WorkArea_WorkAreaID")
	  REFERENCES "LONNIE"."WorkArea" ("WorkAreaID") ENABLE;
--------------------------------------------------------
--  DDL for Trigger TR_CookStat
--------------------------------------------------------

  CREATE OR REPLACE TRIGGER "LONNIE"."TR_CookStat" before insert on "LONNIE"."CookStat"for each row  select "LONNIE"."SQ_CookStat".nextval into :new."CookStatID" from dual;end;
/
ALTER TRIGGER "LONNIE"."TR_CookStat" ENABLE;
--------------------------------------------------------
--  DDL for Trigger TR_CookingStation
--------------------------------------------------------

  CREATE OR REPLACE TRIGGER "LONNIE"."TR_CookingStation" before insert on "LONNIE"."CookingStation"for each row  select "LONNIE"."SQ_CookingStation".nextval into :new."CookingStationID" from dual;end;
/
ALTER TRIGGER "LONNIE"."TR_CookingStation" ENABLE;
--------------------------------------------------------
--  DDL for Trigger TR_Custs
--------------------------------------------------------

  CREATE OR REPLACE TRIGGER "LONNIE"."TR_Custs" before insert on "LONNIE"."Custs"for each row  select "LONNIE"."SQ_Custs".nextval into :new."CustID" from dual;end;
/
ALTER TRIGGER "LONNIE"."TR_Custs" ENABLE;
--------------------------------------------------------
--  DDL for Trigger TR_DTbl
--------------------------------------------------------

  CREATE OR REPLACE TRIGGER "LONNIE"."TR_DTbl" before insert on "LONNIE"."DTbl"for each row  select "LONNIE"."SQ_DTbl".nextval into :new."DTblID" from dual;end;
/
ALTER TRIGGER "LONNIE"."TR_DTbl" ENABLE;
--------------------------------------------------------
--  DDL for Trigger TR_Emps
--------------------------------------------------------

  CREATE OR REPLACE TRIGGER "LONNIE"."TR_Emps" before insert on "LONNIE"."Emps"for each row  select "LONNIE"."SQ_Emps".nextval into :new."EmpID" from dual;end;
/
ALTER TRIGGER "LONNIE"."TR_Emps" ENABLE;
--------------------------------------------------------
--  DDL for Trigger TR_Heights
--------------------------------------------------------

  CREATE OR REPLACE TRIGGER "LONNIE"."TR_Heights" before insert on "LONNIE"."Heights"for each row  select "LONNIE"."SQ_Heights".nextval into :new."HeightID" from dual;end;
/
ALTER TRIGGER "LONNIE"."TR_Heights" ENABLE;
--------------------------------------------------------
--  DDL for Trigger TR_Ingred
--------------------------------------------------------

  CREATE OR REPLACE TRIGGER "LONNIE"."TR_Ingred" before insert on "LONNIE"."Ingred"for each row  select "LONNIE"."SQ_Ingred".nextval into :new."IngredID" from dual;end;
/
ALTER TRIGGER "LONNIE"."TR_Ingred" ENABLE;
--------------------------------------------------------
--  DDL for Trigger TR_IngredMaxes
--------------------------------------------------------

  CREATE OR REPLACE TRIGGER "LONNIE"."TR_IngredMaxes" before insert on "LONNIE"."IngredMaxes"for each row  select "LONNIE"."SQ_IngredMaxes".nextval into :new."IngredMaxID" from dual;end;
/
ALTER TRIGGER "LONNIE"."TR_IngredMaxes" ENABLE;
--------------------------------------------------------
--  DDL for Trigger TR_IngredPars
--------------------------------------------------------

  CREATE OR REPLACE TRIGGER "LONNIE"."TR_IngredPars" before insert on "LONNIE"."IngredPars"for each row  select "LONNIE"."SQ_IngredPars".nextval into :new."IngredParID" from dual;end;
/
ALTER TRIGGER "LONNIE"."TR_IngredPars" ENABLE;
--------------------------------------------------------
--  DDL for Trigger TR_JobTitles
--------------------------------------------------------

  CREATE OR REPLACE TRIGGER "LONNIE"."TR_JobTitles" before insert on "LONNIE"."JobTitles"for each row  select "LONNIE"."SQ_JobTitles".nextval into :new."JobTitleID" from dual;end;
/
ALTER TRIGGER "LONNIE"."TR_JobTitles" ENABLE;
--------------------------------------------------------
--  DDL for Trigger TR_KitTool
--------------------------------------------------------

  CREATE OR REPLACE TRIGGER "LONNIE"."TR_KitTool" before insert on "LONNIE"."KitTool"for each row  select "LONNIE"."SQ_KitTool".nextval into :new."KitToolID" from dual;end;
/
ALTER TRIGGER "LONNIE"."TR_KitTool" ENABLE;
--------------------------------------------------------
--  DDL for Trigger TR_MenuItems
--------------------------------------------------------

  CREATE OR REPLACE TRIGGER "LONNIE"."TR_MenuItems" before insert on "LONNIE"."MenuItems"for each row  select "LONNIE"."SQ_MenuItems".nextval into :new."MenuItemID" from dual;end;
/
ALTER TRIGGER "LONNIE"."TR_MenuItems" ENABLE;
--------------------------------------------------------
--  DDL for Trigger TR_MenuSpecs
--------------------------------------------------------

  CREATE OR REPLACE TRIGGER "LONNIE"."TR_MenuSpecs" before insert on "LONNIE"."MenuSpecs"for each row  select "LONNIE"."SQ_MenuSpecs".nextval into :new."MenuSpecID" from dual;end;
/
ALTER TRIGGER "LONNIE"."TR_MenuSpecs" ENABLE;
--------------------------------------------------------
--  DDL for Trigger TR_Quantities
--------------------------------------------------------

  CREATE OR REPLACE TRIGGER "LONNIE"."TR_Quantities" before insert on "LONNIE"."Quantities"for each row  select "LONNIE"."SQ_Quantities".nextval into :new."QuantityID" from dual;end;
/
ALTER TRIGGER "LONNIE"."TR_Quantities" ENABLE;
--------------------------------------------------------
--  DDL for Trigger TR_Recipe
--------------------------------------------------------

  CREATE OR REPLACE TRIGGER "LONNIE"."TR_Recipe" before insert on "LONNIE"."Recipe"for each row  select "LONNIE"."SQ_Recipe".nextval into :new."RecipeID" from dual;end;
/
ALTER TRIGGER "LONNIE"."TR_Recipe" ENABLE;
--------------------------------------------------------
--  DDL for Trigger TR_Refrigs
--------------------------------------------------------

  CREATE OR REPLACE TRIGGER "LONNIE"."TR_Refrigs" before insert on "LONNIE"."Refrigs"for each row  select "LONNIE"."SQ_Refrigs".nextval into :new."RefrigID" from dual;end;
/
ALTER TRIGGER "LONNIE"."TR_Refrigs" ENABLE;
--------------------------------------------------------
--  DDL for Trigger TR_TblCustChair
--------------------------------------------------------

  CREATE OR REPLACE TRIGGER "LONNIE"."TR_TblCustChair" before insert on "LONNIE"."TblCustChair"for each row  select "LONNIE"."SQ_TblCustChair".nextval into :new."TblCustChairID" from dual;end;
/
ALTER TRIGGER "LONNIE"."TR_TblCustChair" ENABLE;
--------------------------------------------------------
--  DDL for Trigger TR_Tickets
--------------------------------------------------------

  CREATE OR REPLACE TRIGGER "LONNIE"."TR_Tickets" before insert on "LONNIE"."Tickets"for each row  select "LONNIE"."SQ_Tickets".nextval into :new."TicketID" from dual;end;
/
ALTER TRIGGER "LONNIE"."TR_Tickets" ENABLE;
--------------------------------------------------------
--  DDL for Trigger TR_WorkArea
--------------------------------------------------------

  CREATE OR REPLACE TRIGGER "LONNIE"."TR_WorkArea" before insert on "LONNIE"."WorkArea"for each row  select "LONNIE"."SQ_WorkArea".nextval into :new."WorkAreaID" from dual;end;
/
ALTER TRIGGER "LONNIE"."TR_WorkArea" ENABLE;
